/*
 * Solitaire HD — GENERATED by tests/sol_seed_tables.c (make seed-tables); do not edit.
 * budgets 150000 + 500000 nodes (default, then alternate weights); last run: cases 0123, seeds 0..32767
 *
 *   case            winnable  unsolvable  unknown
 *   draw 1             29079        2040     1649
 *   draw 3             25325        3475     3968
 *   draw 1 Vegas        5752       18699     8317
 *   draw 3 Vegas       16464        9783     6521
 */
#include "winnable_seeds.h"

const char sol_seed_table_info[] = "budgets 150000 + 500000 nodes (default, then alternate weights); last run: cases 0123, seeds 0..32767";

const uint32_t sol_seed_counts[SOL_SEEDS_CASES][3] = {
    { 1649, 29079, 2040 },   /* unknown, winnable, unsolvable */
    { 3968, 25325, 3475 },
    { 8317, 5752, 18699 },
    { 6521, 16464, 9783 },
};

const uint8_t sol_seed_table[SOL_SEEDS_CASES][SOL_SEEDS / 4] = {
    {   /* SOL_SEEDS_DRAW1 */
        0x55, 0x45, 0x45, 0x55, 0x55, 0x55, 0x55, 0x54, 0x51, 0x59, 0x66, 0x55, 0x55, 0x95, 0x55, 0x55,
        0x55, 0x55, 0x55, 0x16, 0x95, 0x65, 0x55, 0x45, 0x55, 0x46, 0x65, 0x55, 0x55, 0x55, 0x55, 0x55,
        0x45, 0x55, 0x55, 0x55, 0x54, 0x55, 0x15, 0x95, 0x25, 0x55, 0x55, 0x55, 0x54, 0x55, 0x65, 0x68,
        0x55, 0x55, 0x55, 0x55, 0x55, 0x55, 0x56, 0x55, 0x55, 0x59, 0x56, 0x65, 0x55, 0x55, 0x55, 0x55,
        0x55, 0x55, 0x15, 0x15, 0x55, 0x55, 0x55, 0x55, 0x96, 0x55, 0x55, 0x55, 0x55, 0x59, 0x54, 0x95,
        0x55, 0x15, 0x55, 0x51, 0x55, 0x45, 0x55, 0x54, 0x55, 0x95, 0x5A, 0x55, 0x56, 0x55, 0x55, 0x55,
        0x55, 0x55, 0x49, 0x64, 0x55, 0x55, 0x65, 0x55, 0x86, 0x45, 0x55, 0x55, 0x55, 0x55, 0x65, 0x55,
        0x54, 0x55, 0x55, 0x54, 0x56, 0x85, 0x54, 0x55, 0x59, 0x55, 0x55, 0x59, 0x55, 0x59, 0x51, 0x55,
        0x56, 0x55, 0x55, 0x65, 0x45, 0x55, 0x55, 0x55, 0x49, 0x45, 0x55, 0x59, 0x69, 0x55, 0x55, 0x95,
        0x55, 0x55, 0x55, 0x65, 0x51, 0x55, 0x55, 0x65, 0x95, 0x55, 0x55, 0x55, 0x55, 0x55, 0x55, 0x59,
        0x55, 0x55, 0x55, 0x65, 0x19, 0x51, 0x55, 0x54, 0x26, 0x65, 0x95, 0x15, 0x54, 0x55, 0x55, 0x55,
        0x51, 0x55, 0x55, 0x55, 0x55, 0x55, 0x55, 0x55, 0x55, 0x95, 0x55, 0x59, 0x55, 0x55, 0x65, 0x55,
        0x55, 0x55, 0x45, 0x55, 0x55, 0x55, 0x55, 0x55, 0x55, 0x65, 0x55, 0x56, 0x55, 0x55, 0x55, 0x95,
        0x55, 0x45, 0x55, 0x55, 0x56, 0x55, 0x55, 0x45, 0x55, 0x55, 0x65, 0x55, 0x95, 0x55, 0x51, 0x55,
        0x55, 0x55, 0x55, 0x55, 0x55, 0x55, 0x55, 0x54, 0x55, 0x99, 0x15, 0x55, 0x55, 0x55, 0x59, 0x55,
        0x55, 0x55, 0x65, 0x55, 0x55, 0x59, 0x55, 0x55, 0x55, 0x85, 0x54, 0x45, 0x55, 0x55, 0x95, 0x15,
        0x58, 0x55, 0x55, 0x55, 0x55, 0x55, 0x55, 0x59, 0x55, 0x65, 0x15, 0x55, 0x55, 0x59, 0x55, 0x45,
        0x55, 0x95, 0x15, 0x56, 0x95, 0x51, 0x95, 0x51, 0x15, 0x55, 0x65, 0x55, 0x55, 0x55, 0x45, 0x59,
        0x55, 0x55, 0x56, 0x55, 0x55, 0x15, 0x65, 0x56, 0x55, 0x55, 0x54, 0x54, 0x15, 0x55, 0x16, 0x59,
        0x55, 0x55, 0x55, 0x51, 0x45, 0x55, 0x65, 0x55, 0x55, 0x59, 0x15, 0x55, 0x56, 0x95, 0x56, 0x55,
        0x55, 0x15, 0x55, 0x55, 0x55, 0x55, 0x56, 0x59, 0x59, 0x55, 0x56, 0x55, 0x51, 0x55, 0x55, 0x55,
        0x51, 0x55, 0x15, 0x55, 0x55, 0x65, 0x45, 0x51, 0x51, 0x5A, 0x55, 0x55, 0x55, 0x94, 0x55, 0x55,
        0x59, 0x55, 0x56, 0x55, 0x65, 0x55, 0xA5, 0x44, 0x55, 0x55, 0x55, 0x55, 0x55, 0x55, 0x55, 0x55,
        0x55, 0x55, 0x65, 0x59, 0x51, 0x55, 0x55, 0x55, 0x55, 0x55, 0x55, 0x55, 0x55, 0x55, 0x15, 0x15,
        0x56, 0x55, 0x55, 0x55, 0x65, 0x55, 0x51, 0x95, 0x55, 0x55, 0x55, 0x55, 0x55, 0x41, 0x55, 0x55,
        0x55, 0x55, 0x55, 0x56, 0x55, 0x55, 0x55, 0x56, 0x55, 0x55, 0x5A, 0x55, 0x55, 0x59, 0x55, 0x55,
        0x55, 0x55, 0x56, 0x54, 0x55, 0x55, 0x94, 0x51, 0x65, 0x55, 0x65, 0x55, 0x55, 0x95, 0x54, 0x56,
        0x55, 0x65, 0x95, 0x45, 0x55, 0x55, 0x55, 0x55, 0x55, 0x55, 0x55, 0x55, 0x55, 0x54, 0x65, 0x55,
        0x59, 0x55, 0x55, 0x58, 0x65, 0x59, 0x56, 0x55, 0x55, 0x55, 0x55, 0x55, 0x55, 0x51, 0x55, 0x55,
        0x55, 0x55, 0x55, 0x55, 0x15, 0x55, 0x55, 0x51, 0x55, 0x55, 0x56, 0x49, 0x56, 0x55, 0x14, 0x46,
        0x51, 0x56, 0x55, 0x55, 0x55, 0x58, 0x51, 0x66, 0x95, 0x65, 0x55, 0x55, 0x55, 0x55, 0x54, 0x55,
        0x55, 0x55, 0x55, 0x95, 0x95, 0x55, 0x55, 0x55, 0x55, 0x55, 0x14, 0x56, 0x55, 0x45, 0x55, 0x21,
        0x65, 0x55, 0x65, 0x55, 0xA4, 0x45, 0x56, 0x55, 0x55, 0x95, 0x5A, 0x55, 0x55, 0x55, 0x51, 0x55,
        0x55, 0x95, 0x55, 0x55, 0x59, 0x55, 0x55, 0x55, 0x55, 0x55, 0x55, 0x55, 0x55, 0x55, 0x55, 0x45,
        0x54, 0x55, 0x15, 0x55, 0x55, 0x55, 0x51, 0x55, 0x55, 0x59, 0x55, 0x55, 0x55, 0x55, 0x59, 0x51,
        0x85, 0x51, 0x55, 0x55, 0x55, 0x55, 0x55, 0x55, 0x95, 0x55, 0x95, 0x85, 0x55, 0x95, 0x55, 0x55,
        0x55, 0x95, 0x15, 0x59, 0x55, 0x55, 0x15, 0x55, 0x25, 0x55, 0x55, 0x55, 0x55, 0x55, 0x55, 0x55,
        0xA5, 0x55, 0x55, 0x55, 0x55, 0x55, 0x59, 0x55, 0x55, 0x96, 0x54, 0x55, 0x55, 0x55, 0x55, 0x55,
        0x55, 0x55, 0x55, 0x65, 0x55, 0x55, 0x55, 0x55, 0x15, 0x55, 0x55, 0x55, 0x55, 0x95, 0x55, 0x15,
        0x55, 0x55, 0x5A, 0x46, 0x45, 0x55, 0x55, 0x54, 0x65, 0x51, 0x55, 0x55, 0x55, 0x55, 0x54, 0x55,
        0x55, 0x55, 0x55, 0x55, 0x55, 0x55, 0x25, 0x56, 0x55, 0x56, 0x55, 0x95, 0x55, 0x55, 0x55, 0x55,
        0x55, 0x15, 0x15, 0x55, 0x45, 0x56, 0x55, 0x55, 0x55, 0x55, 0x55, 0x59, 0x55, 0x59, 0x95, 0x54,
        0x95, 0x55, 0x51, 0x55, 0x55, 0x11, 0x55, 0x55, 0x56, 0x55, 0x55, 0x55, 0x55, 0x64, 0x55, 0x55,
        0x45, 0x95, 0x55, 0x65, 0x55, 0x95, 0x95, 0x55, 0x55, 0x55, 0x55, 0x56, 0x55, 0x56, 0x55, 0x55,
        0x59, 0x61, 0x56, 0x55, 0x95, 0x55, 0x55, 0x55, 0x15, 0x55, 0x55, 0x51, 0x55, 0x55, 0x55, 0x54,
        0x59, 0x55, 0x54, 0x59, 0x51, 0x15, 0x65, 0x55, 0x55, 0x56, 0x59, 0x59, 0x59, 0x55, 0x55, 0x55,
        0x55, 0x55, 0x55, 0x55, 0x65, 0x55, 0x55, 0x65, 0x55, 0x55, 0x55, 0x55, 0x65, 0x55, 0x55, 0x55,
        0x55, 0x55, 0x55, 0x55, 0x45, 0x59, 0x55, 0x16, 0x55, 0x54, 0x54, 0x59, 0x55, 0x05, 0x51, 0x41,
        0x55, 0x55, 0x55, 0x55, 0x56, 0x66, 0x95, 0x56, 0x55, 0x55, 0x55, 0x55, 0x55, 0x55, 0x55, 0x59,
        0x65, 0x55, 0x55, 0x15, 0x59, 0x55, 0x55, 0x55, 0x55, 0x55, 0x55, 0x55, 0x55, 0x59, 0x55, 0x55,
        0x65, 0x95, 0x59, 0x96, 0x55, 0x55, 0x55, 0x55, 0x51, 0x55, 0x55, 0x55, 0x59, 0x65, 0x55, 0x55,
        0x95, 0x55, 0x56, 0x55, 0x54, 0x55, 0x15, 0x55, 0x54, 0x55, 0x94, 0x55, 0x55, 0x14, 0x55, 0x55,
        0x55, 0x55, 0x56, 0x55, 0x55, 0x15, 0x51, 0x55, 0x55, 0x55, 0x65, 0x56, 0x15, 0x55, 0x55, 0x95,
        0x55, 0x55, 0x54, 0x55, 0x55, 0x55, 0x55, 0x85, 0x45, 0x55, 0x45, 0x55, 0x55, 0x55, 0x65, 0x55,
        0x55, 0x55, 0x55, 0x45, 0x55, 0x15, 0x55, 0x59, 0x66, 0x55, 0x55, 0x55, 0x54, 0x55, 0x55, 0x55,
        0x55, 0x55, 0x45, 0x54, 0x55, 0x15, 0x45, 0x55, 0x65, 0x55, 0x55, 0x55, 0x55, 0x55, 0x55, 0x55,
        0x51, 0x51, 0x56, 0x55, 0x55, 0x65, 0x55, 0x16, 0x15, 0x55, 0x55, 0x55, 0x55, 0x55, 0x95, 0x55,
        0x55, 0x55, 0x55, 0x96, 0x55, 0x55, 0x94, 0x56, 0x51, 0x55, 0x54, 0x55, 0x59, 0x54, 0x59, 0x55,
        0x65, 0x55, 0x55, 0x55, 0x45, 0x55, 0x55, 0x55, 0x55, 0x59, 0x59, 0x51, 0x55, 0x55, 0x51, 0x55,
        0x95, 0x55, 0x55, 0x55, 0x55, 0x55, 0x55, 0x55, 0x55, 0x55, 0x55, 0x55, 0x55, 0x65, 0x55, 0x45,
        0x46, 0x55, 0x10, 0x54, 0x55, 0x55, 0x54, 0x55, 0x55, 0x55, 0x55, 0x66, 0x55, 0x95, 0x55, 0x65,
        0x55, 0x15, 0x59, 0x5A, 0x55, 0x51, 0x55, 0x56, 0x55, 0x45, 0x55, 0x95, 0x55, 0x54, 0x55, 0x55,
        0x55, 0x56, 0x55, 0x51, 0x45, 0x55, 0x54, 0x95, 0x95, 0x45, 0x55, 0x55, 0x55, 0x55, 0x55, 0x65,
        0x55, 0x95, 0x55, 0x5A, 0x56, 0x65, 0x55, 0x55, 0x65, 0x45, 0x95, 0x55, 0x55, 0x55, 0x55, 0x95,
        0x54, 0x55, 0x55, 0x65, 0x55, 0x45, 0x59, 0x55, 0x99, 0x15, 0x55, 0x59, 0x55, 0x65, 0x56, 0x51,
        0x55, 0x55, 0x55, 0x45, 0x15, 0x55, 0x54, 0x55, 0x55, 0x55, 0x55, 0x65, 0x55, 0x15, 0x51, 0x55,
        0x55, 0x55, 0x69, 0x45, 0x59, 0x54, 0x65, 0x46, 0x55, 0x55, 0x6A, 0x55, 0x95, 0x55, 0x55, 0x55,
        0x15, 0x55, 0x55, 0x5A, 0x56, 0x55, 0x55, 0x15, 0x45, 0x15, 0x54, 0x55, 0x95, 0x55, 0x54, 0x55,
        0x51, 0x55, 0x45, 0x59, 0x55, 0x95, 0x95, 0x65, 0x55, 0x55, 0x54, 0x15, 0x56, 0x55, 0x55, 0x95,
        0x65, 0x55, 0x85, 0x55, 0x55, 0x56, 0x59, 0x55, 0x45, 0x55, 0x05, 0x55, 0x55, 0x55, 0x55, 0x55,
        0x55, 0x55, 0x59, 0x55, 0x51, 0x55, 0x55, 0x55, 0x55, 0x55, 0x55, 0x56, 0x55, 0x51, 0x55, 0x55,
        0x95, 0x15, 0x55, 0x95, 0x55, 0x55, 0x55, 0x55, 0x55, 0x55, 0x55, 0x55, 0x55, 0x55, 0x55, 0x56,
        0x55, 0x55, 0x55, 0x55, 0x55, 0x55, 0x55, 0x59, 0x55, 0x55, 0x59, 0x55, 0x65, 0x51, 0x95, 0x55,
        0x55, 0x54, 0x56, 0x55, 0x55, 0x95, 0x15, 0x55, 0x55, 0x55, 0x55, 0x55, 0x45, 0x55, 0x5A, 0x55,
        0x55, 0x55, 0x55, 0x55, 0x55, 0x54, 0x55, 0x55, 0x15, 0x51, 0x59, 0x95, 0x65, 0x55, 0x55, 0x25,
        0x55, 0x95, 0x56, 0x51, 0x55, 0x55, 0x55, 0x85, 0x56, 0x59, 0x55, 0x55, 0x56, 0x55, 0x55, 0x55,
        0x55, 0x55, 0x55, 0x55, 0x51, 0x55, 0x55, 0x55, 0x55, 0x55, 0x55, 0x55, 0x55, 0x95, 0x45, 0x55,
        0x54, 0x15, 0x54, 0x55, 0x55, 0x51, 0x55, 0x51, 0x56, 0x55, 0x55, 0x55, 0x45, 0x56, 0x55, 0x55,
        0x55, 0x55, 0x65, 0x55, 0x55, 0x85, 0x55, 0x55, 0x55, 0x55, 0x55, 0x55, 0x46, 0x55, 0x45, 0x55,
        0x55, 0x65, 0x95, 0x55, 0x55, 0x15, 0x55, 0x55, 0x55, 0x65, 0x55, 0x55, 0x55, 0x55, 0x55, 0x55,
        0x55, 0x56, 0x45, 0x55, 0x55, 0x69, 0x55, 0x55, 0x55, 0x59, 0x89, 0x55, 0x55, 0x55, 0x55, 0x59,
        0x59, 0x55, 0x55, 0x55, 0x55, 0x55, 0x95, 0x15, 0x15, 0x55, 0x55, 0x55, 0x55, 0x55, 0x55, 0x56,
        0x51, 0x55, 0x55, 0x55, 0x45, 0x56, 0x55, 0x55, 0x95, 0x95, 0x55, 0x55, 0x55, 0x55, 0x46, 0x05,
        0x55, 0x15, 0x65, 0x55, 0x55, 0x41, 0x55, 0x55, 0x55, 0x55, 0x15, 0x55, 0x59, 0x59, 0x55, 0x15,
        0x55, 0x55, 0x55, 0x55, 0x55, 0x55, 0x55, 0x95, 0x14, 0x56, 0x55, 0x51, 0x55, 0x55, 0x55, 0x55,
        0x55, 0x65, 0x55, 0x55, 0x91, 0x95, 0x55, 0x95, 0x55, 0x59, 0x55, 0x54, 0x55, 0x55, 0x95, 0x45,
        0x51, 0x55, 0x55, 0x55, 0x55, 0x55, 0x55, 0x59, 0x15, 0x55, 0x55, 0x56, 0x95, 0x55, 0x55, 0x54,
        0x55, 0x55, 0x55, 0x55, 0x55, 0x55, 0x55, 0x55, 0x65, 0x55, 0x56, 0x45, 0x55, 0x55, 0x59, 0x59,
        0x15, 0x55, 0x59, 0x55, 0x95, 0x55, 0x55, 0x55, 0x55, 0x55, 0x51, 0x55, 0x55, 0x55, 0x55, 0x55,
        0x55, 0x55, 0x55, 0x55, 0x55, 0x45, 0x55, 0x11, 0x64, 0x59, 0x55, 0x55, 0x55, 0x56, 0x55, 0x55,
        0x55, 0x55, 0x55, 0x58, 0x55, 0x55, 0x55, 0x55, 0x59, 0x59, 0x95, 0x56, 0x55, 0x66, 0x65, 0x55,
        0x55, 0x55, 0x55, 0x59, 0x55, 0x55, 0x55, 0x65, 0x55, 0x59, 0x55, 0x55, 0x45, 0x54, 0x54, 0x55,
        0x55, 0x55, 0x95, 0x56, 0x15, 0x55, 0x55, 0x56, 0x55, 0x55, 0x45, 0x51, 0x55, 0x55, 0x55, 0x55,
        0x59, 0x55, 0x51, 0x55, 0x55, 0x55, 0x45, 0x51, 0x51, 0x55, 0x51, 0x51, 0x55, 0xA1, 0x55, 0x55,
        0x55, 0x95, 0x55, 0x55, 0x55, 0x56, 0x55, 0x55, 0x45, 0x55, 0x95, 0x55, 0x55, 0x45, 0x64, 0x55,
        0x55, 0x55, 0x55, 0x45, 0x55, 0x55, 0x55, 0x55, 0x55, 0x55, 0x55, 0x55, 0x65, 0x89, 0x55, 0x41,
        0x55, 0x55, 0x55, 0x55, 0x95, 0x55, 0x55, 0x55, 0x55, 0x55, 0x91, 0x51, 0x55, 0x54, 0x55, 0x95,
        0x55, 0x66, 0x55, 0x55, 0xA5, 0x55, 0x55, 0x55, 0x55, 0x51, 0x55, 0x54, 0x55, 0x55, 0x55, 0x59,
        0x45, 0x55, 0x51, 0x15, 0x55, 0x54, 0x56, 0x56, 0x14, 0x55, 0x55, 0x45, 0x55, 0x55, 0x56, 0x55,
        0x65, 0x51, 0x55, 0x61, 0x55, 0x55, 0x59, 0x55, 0x55, 0x55, 0x55, 0x56, 0x55, 0x45, 0x65, 0x55,
        0x55, 0x55, 0x55, 0x55, 0x56, 0x59, 0x55, 0x55, 0x99, 0x45, 0x95, 0x55, 0x55, 0x45, 0x45, 0x56,
        0x55, 0x59, 0x55, 0x55, 0x55, 0x55, 0x55, 0x94, 0x55, 0x55, 0x59, 0x55, 0x55, 0x91, 0x55, 0x15,
        0x15, 0x56, 0x54, 0x55, 0x59, 0x59, 0x55, 0x55, 0x55, 0x55, 0x55, 0x54, 0x55, 0x59, 0x55, 0x55,
        0x95, 0x55, 0x55, 0x55, 0x15, 0x55, 0x55, 0x55, 0x55, 0x59, 0x55, 0x96, 0x55, 0x55, 0x55, 0x55,
        0x55, 0x55, 0x55, 0x55, 0x45, 0x55, 0x15, 0x15, 0x95, 0x55, 0x64, 0x55, 0x55, 0x99, 0x55, 0x55,
        0x55, 0x55, 0x55, 0x56, 0x55, 0x61, 0x56, 0x59, 0x55, 0x55, 0x55, 0x55, 0x55, 0x55, 0x55, 0x55,
        0x58, 0x55, 0x59, 0x55, 0x55, 0x95, 0x55, 0x64, 0x55, 0x55, 0x65, 0x45, 0x45, 0x59, 0x55, 0x55,
        0x55, 0x55, 0x55, 0x51, 0x55, 0x55, 0x55, 0x55, 0x55, 0x55, 0x55, 0x55, 0x55, 0x55, 0x95, 0x59,
        0x45, 0x55, 0x65, 0x55, 0x55, 0x15, 0x55, 0x65, 0x59, 0x45, 0x55, 0x65, 0x91, 0x55, 0x55, 0x55,
        0x55, 0x45, 0x45, 0x55, 0x96, 0x55, 0x55, 0x55, 0x55, 0x94, 0x45, 0x95, 0x11, 0x65, 0x55, 0x55,
        0x55, 0x95, 0x55, 0x45, 0x55, 0x55, 0x55, 0x95, 0x54, 0x55, 0x55, 0x55, 0x55, 0x55, 0x55, 0x52,
        0x14, 0x54, 0x55, 0x55, 0x52, 0x55, 0x56, 0x56, 0x56, 0x55, 0x55, 0x55, 0x55, 0x55, 0x51, 0x55,
        0x55, 0x56, 0x55, 0x55, 0x55, 0x55, 0x55, 0x55, 0x56, 0x55, 0x55, 0x55, 0x55, 0x54, 0x55, 0x56,
        0x95, 0x55, 0x55, 0x55, 0x25, 0x55, 0x55, 0x55, 0x55, 0x55, 0x55, 0x95, 0x55, 0x55, 0x59, 0x59,
        0x55, 0x55, 0x51, 0x56, 0x55, 0x55, 0x55, 0x55, 0x54, 0x55, 0x54, 0x55, 0x55, 0x55, 0x54, 0x65,
        0x55, 0x55, 0x55, 0x56, 0x54, 0x56, 0x55, 0x51, 0x55, 0x55, 0x55, 0x55, 0x95, 0x55, 0x55, 0x59,
        0x55, 0x54, 0x51, 0x55, 0x55, 0x54, 0x55, 0x55, 0x15, 0x55, 0x55, 0x95, 0x55, 0x54, 0x55, 0x56,
        0x59, 0x66, 0x56, 0x55, 0x55, 0x55, 0x55, 0x95, 0x55, 0x65, 0x45, 0x55, 0x54, 0x55, 0x56, 0x55,
        0x54, 0x54, 0x95, 0x55, 0x55, 0x59, 0x55, 0x65, 0x56, 0x15, 0x55, 0x56, 0x55, 0x55, 0x45, 0x59,
        0x55, 0x51, 0x55, 0x56, 0x55, 0x15, 0x55, 0x55, 0x55, 0x45, 0x55, 0x49, 0x55, 0x55, 0x55, 0x55,
        0x55, 0x56, 0x55, 0x55, 0x55, 0x55, 0x55, 0x55, 0x95, 0x55, 0x55, 0x55, 0x55, 0x55, 0x55, 0x55,
        0x54, 0x55, 0x55, 0x55, 0x55, 0x51, 0x55, 0x55, 0x55, 0x56, 0x55, 0x15, 0x55, 0x55, 0x55, 0x55,
        0x95, 0x55, 0x55, 0x54, 0x54, 0x59, 0x55, 0x55, 0x55, 0x55, 0x55, 0x55, 0x55, 0x55, 0x55, 0x55,
        0x55, 0x55, 0x45, 0x56, 0x55, 0x55, 0x95, 0x55, 0x54, 0x55, 0x55, 0x55, 0x55, 0x55, 0x55, 0x59,
        0x95, 0x56, 0x64, 0x55, 0x55, 0x59, 0x55, 0x55, 0x55, 0x15, 0x55, 0x55, 0x55, 0x55, 0x55, 0x55,
        0x55, 0x55, 0x55, 0x55, 0x55, 0x45, 0x42, 0x55, 0x55, 0x55, 0x55, 0x55, 0x11, 0x45, 0x15, 0x55,
        0x59, 0x55, 0x51, 0x59, 0x55, 0x51, 0x55, 0x55, 0x55, 0x56, 0x15, 0x14, 0x55, 0x95, 0x55, 0x55,
        0x51, 0x45, 0x51, 0x59, 0x55, 0x55, 0x55, 0x55, 0x59, 0x54, 0x55, 0x51, 0x56, 0x51, 0x55, 0x99,
        0x55, 0x15, 0x95, 0x55, 0x55, 0x45, 0x55, 0x55, 0x55, 0x55, 0x55, 0x55, 0x55, 0x95, 0x15, 0x55,
        0x55, 0x15, 0x45, 0x65, 0x56, 0x55, 0x55, 0x55, 0x55, 0x55, 0x55, 0x55, 0x65, 0x55, 0x55, 0x45,
        0x55, 0x55, 0x95, 0x55, 0x55, 0x55, 0x69, 0x55, 0x54, 0x6A, 0x55, 0x61, 0x56, 0x59, 0x5A, 0x55,
        0x65, 0x55, 0x55, 0x55, 0x55, 0x56, 0x59, 0x45, 0x51, 0x59, 0x55, 0x55, 0x45, 0x55, 0x55, 0x99,
        0x54, 0x55, 0x55, 0x15, 0x55, 0x55, 0x55, 0x55, 0x55, 0x59, 0x55, 0x55, 0x56, 0x55, 0x55, 0x55,
        0x66, 0x55, 0x55, 0x55, 0x55, 0x55, 0x55, 0x55, 0x55, 0x55, 0x65, 0x55, 0x45, 0x55, 0x55, 0x55,
        0x95, 0x56, 0x59, 0x55, 0x55, 0x55, 0x55, 0x15, 0x55, 0x55, 0x55, 0x54, 0x59, 0x56, 0x45, 0x54,
        0x45, 0x55, 0x55, 0x55, 0xA5, 0x55, 0x5A, 0x56, 0x55, 0x55, 0x51, 0x55, 0x51, 0x55, 0x55, 0x55,
        0x65, 0x55, 0x55, 0x55, 0x55, 0x54, 0x55, 0x55, 0x55, 0x55, 0x65, 0x55, 0x55, 0x95, 0x95, 0x55,
        0x45, 0x45, 0x55, 0x55, 0x55, 0x55, 0x55, 0x45, 0x91, 0x55, 0x56, 0x25, 0x55, 0x55, 0x54, 0x55,
        0x55, 0x66, 0x55, 0x15, 0x55, 0x55, 0x51, 0x55, 0x55, 0x55, 0x94, 0x55, 0x55, 0x55, 0x56, 0x55,
        0x55, 0x55, 0x51, 0x55, 0x55, 0x55, 0x55, 0x55, 0x55, 0x55, 0x54, 0x55, 0x59, 0x55, 0x55, 0x55,
        0x55, 0x85, 0x56, 0x55, 0x55, 0x55, 0x55, 0x56, 0x56, 0x55, 0x55, 0x65, 0x56, 0x65, 0x55, 0x55,
        0x55, 0x55, 0x55, 0x55, 0x55, 0x55, 0x51, 0x48, 0x45, 0x55, 0x15, 0x55, 0x55, 0x51, 0x56, 0x55,
        0x45, 0x55, 0x55, 0x95, 0x56, 0x55, 0x55, 0x45, 0x54, 0x65, 0x55, 0x55, 0x55, 0x95, 0x51, 0x91,
        0x59, 0x56, 0x55, 0x55, 0x14, 0x55, 0x55, 0x55, 0x55, 0x45, 0x65, 0x55, 0x55, 0x55, 0x59, 0x55,
        0x55, 0x91, 0x95, 0x55, 0x55, 0x55, 0x55, 0x55, 0x55, 0x14, 0x55, 0x55, 0x46, 0x55, 0x55, 0x55,
        0x55, 0x55, 0x55, 0x65, 0x55, 0x15, 0x55, 0x44, 0x55, 0x55, 0x55, 0x55, 0x55, 0x55, 0x55, 0x55,
        0x15, 0x55, 0x95, 0x56, 0x85, 0x25, 0x55, 0x65, 0x55, 0x54, 0x65, 0x55, 0x55, 0x65, 0x59, 0x56,
        0x55, 0x59, 0x55, 0x55, 0x95, 0x5A, 0x55, 0x55, 0x55, 0x94, 0x69, 0x55, 0x55, 0x55, 0x91, 0x45,
        0x55, 0x55, 0x55, 0x95, 0x45, 0x50, 0x45, 0x55, 0x55, 0x55, 0x55, 0x56, 0x66, 0x55, 0x55, 0x55,
        0x15, 0x55, 0x59, 0x55, 0x55, 0x55, 0x16, 0x95, 0x55, 0x55, 0x55, 0x55, 0x55, 0x55, 0x55, 0x55,
        0x55, 0x55, 0x51, 0x55, 0x55, 0x55, 0x55, 0x55, 0x65, 0x55, 0x55, 0x56, 0x55, 0x55, 0x55, 0x55,
        0x55, 0x55, 0x55, 0x54, 0x55, 0x55, 0x95, 0x55, 0x46, 0x55, 0x55, 0x55, 0x55, 0x55, 0x59, 0x55,
        0x45, 0x55, 0x55, 0x55, 0x95, 0x95, 0x69, 0x55, 0x55, 0x55, 0x65, 0x45, 0x55, 0x55, 0x45, 0x55,
        0x55, 0x55, 0x54, 0x55, 0x55, 0x15, 0x55, 0x55, 0x55, 0x55, 0x55, 0x95, 0x65, 0x55, 0x55, 0x45,
        0x55, 0x95, 0x91, 0x55, 0x55, 0x55, 0x55, 0x45, 0x55, 0x55, 0x55, 0x55, 0x55, 0x55, 0x55, 0x55,
        0x55, 0x55, 0x55, 0x15, 0x55, 0x68, 0x55, 0x59, 0x65, 0x55, 0x55, 0x55, 0x55, 0x55, 0x55, 0x55,
        0x55, 0x95, 0x55, 0x99, 0x51, 0x55, 0x65, 0x55, 0x65, 0x95, 0x55, 0x15, 0x55, 0x56, 0x55, 0x55,
        0x55, 0x54, 0x94, 0x95, 0x54, 0x55, 0x55, 0x45, 0x44, 0x55, 0x56, 0x55, 0x55, 0x55, 0x55, 0x55,
        0x95, 0x65, 0x56, 0x45, 0x55, 0x55, 0x54, 0x55, 0x55, 0x55, 0x55, 0x45, 0x95, 0x55, 0x55, 0x55,
        0x55, 0x55, 0x55, 0x55, 0x55, 0x51, 0x55, 0x55, 0x55, 0x95, 0x51, 0x66, 0x51, 0x55, 0x55, 0x55,
        0x55, 0x55, 0x51, 0x55, 0x55, 0x55, 0x55, 0x55, 0x05, 0x59, 0x55, 0x55, 0x59, 0x55, 0x55, 0x55,
        0x55, 0x55, 0x45, 0x55, 0x55, 0x55, 0x55, 0x49, 0x59, 0x16, 0x45, 0x45, 0x55, 0x95, 0x55, 0x45,
        0x59, 0x55, 0x55, 0x55, 0x95, 0x55, 0x55, 0x65, 0x55, 0x55, 0x55, 0x54, 0x59, 0xA6, 0x55, 0x55,
        0x55, 0x69, 0x95, 0x55, 0x56, 0x55, 0x15, 0x54, 0x65, 0x54, 0x55, 0x55, 0x95, 0x55, 0x55, 0x55,
        0x55, 0x56, 0x55, 0x55, 0x55, 0x55, 0x51, 0x55, 0x55, 0x52, 0x95, 0x55, 0x55, 0x55, 0x56, 0x65,
        0x55, 0x99, 0x65, 0x55, 0x55, 0x54, 0x56, 0x55, 0x55, 0x55, 0x55, 0x55, 0x15, 0x59, 0x55, 0x55,
        0x55, 0x55, 0x65, 0x55, 0x55, 0x55, 0x55, 0x56, 0x55, 0x45, 0x55, 0x45, 0x55, 0x14, 0x55, 0x55,
        0x56, 0x55, 0x55, 0x56, 0x55, 0x55, 0x55, 0x55, 0x65, 0x15, 0x56, 0x50, 0x55, 0x55, 0x56, 0x55,
        0x55, 0x55, 0x55, 0x55, 0x54, 0x55, 0x51, 0x55, 0x55, 0x59, 0x55, 0x56, 0x55, 0x55, 0x55, 0x55,
        0x51, 0x55, 0x55, 0x51, 0x55, 0x55, 0x44, 0x55, 0x55, 0x55, 0x55, 0x55, 0x51, 0x59, 0x55, 0x55,
        0x15, 0x15, 0x45, 0x55, 0x55, 0x55, 0x55, 0x55, 0x46, 0x54, 0x45, 0x55, 0x55, 0x56, 0x54, 0x55,
        0x64, 0x55, 0x16, 0x55, 0x45, 0x55, 0x55, 0x55, 0x55, 0x55, 0x99, 0x15, 0x55, 0x95, 0x95, 0x55,
        0x55, 0x55, 0x55, 0x55, 0x56, 0x55, 0x55, 0x55, 0x55, 0x55, 0x55, 0x56, 0x55, 0x59, 0x55, 0x15,
        0x56, 0x15, 0x45, 0x65, 0x44, 0x55, 0x56, 0x55, 0x55, 0x95, 0x59, 0x65, 0x55, 0x59, 0x55, 0x15,
        0x55, 0x15, 0x55, 0x45, 0x95, 0x55, 0x56, 0x55, 0x55, 0x55, 0x55, 0x55, 0x15, 0x51, 0x55, 0x55,
        0x55, 0x16, 0x55, 0x18, 0x56, 0x51, 0x55, 0x55, 0x15, 0x51, 0x56, 0x55, 0x59, 0x55, 0x59, 0x55,
        0x55, 0x51, 0x55, 0x55, 0x55, 0x55, 0x65, 0x55, 0x55, 0x55, 0x55, 0x96, 0x59, 0x95, 0x55, 0x55,
        0x55, 0x55, 0x55, 0x55, 0x55, 0x54, 0x55, 0x55, 0x15, 0xA5, 0x59, 0x59, 0x55, 0x52, 0x56, 0x55,
        0x55, 0x55, 0x65, 0x55, 0x55, 0x55, 0x55, 0x55, 0x55, 0x59, 0x55, 0x55, 0x95, 0x15, 0x55, 0x98,
        0x55, 0x56, 0x15, 0x55, 0x55, 0x55, 0x55, 0x15, 0x55, 0x55, 0x55, 0x55, 0x64, 0x58, 0x55, 0x55,
        0x56, 0x55, 0x55, 0x55, 0x55, 0x56, 0x51, 0x65, 0x55, 0x55, 0x55, 0x55, 0x55, 0x69, 0x55, 0x55,
        0x55, 0x55, 0x55, 0x46, 0x55, 0x55, 0x55, 0x55, 0x55, 0x56, 0x55, 0x55, 0x65, 0x55, 0x45, 0x55,
        0x55, 0x55, 0x55, 0x55, 0x55, 0x59, 0x55, 0x55, 0x51, 0x14, 0x55, 0x55, 0x55, 0x55, 0x56, 0x55,
        0x59, 0x51, 0x56, 0x55, 0x55, 0x55, 0x55, 0x59, 0x54, 0x55, 0x45, 0x94, 0x55, 0x55, 0x55, 0x59,
        0x55, 0x55, 0x55, 0x55, 0x55, 0x15, 0x55, 0x55, 0x59, 0x55, 0x15, 0x55, 0x55, 0x55, 0x55, 0x55,
        0x55, 0x59, 0x55, 0x55, 0x59, 0x55, 0x55, 0x65, 0x56, 0x15, 0x15, 0x56, 0x55, 0x55, 0x55, 0x55,
        0x55, 0x55, 0x55, 0x55, 0x55, 0x95, 0x55, 0x55, 0x95, 0x45, 0x45, 0x59, 0x55, 0x55, 0x45, 0x45,
        0x55, 0x55, 0x55, 0x44, 0x59, 0x59, 0x55, 0x55, 0x55, 0x55, 0x55, 0x55, 0x55, 0x55, 0x55, 0x54,
        0x55, 0x55, 0x55, 0x55, 0x55, 0x55, 0x55, 0x95, 0x55, 0x15, 0x55, 0x55, 0x52, 0x15, 0x55, 0x55,
        0x55, 0x56, 0x59, 0x5A, 0x55, 0x65, 0x55, 0x55, 0x55, 0x55, 0x65, 0x65, 0x55, 0x96, 0x65, 0x59,
        0x55, 0x95, 0x55, 0x55, 0x55, 0x55, 0x55, 0x66, 0x55, 0x56, 0x55, 0x59, 0x55, 0x5A, 0x55, 0x55,
        0x55, 0x55, 0x95, 0x55, 0x55, 0x55, 0x54, 0x56, 0x55, 0x55, 0x55, 0x55, 0x55, 0x5A, 0x55, 0x55,
        0x55, 0x55, 0x55, 0x55, 0x55, 0x59, 0x51, 0x55, 0x55, 0x55, 0x55, 0x51, 0x55, 0x55, 0x55, 0x15,
        0x55, 0x55, 0x55, 0x56, 0x55, 0x55, 0x55, 0x55, 0x45, 0x65, 0x55, 0x55, 0x56, 0x54, 0x59, 0x54,
        0x59, 0x64, 0x55, 0x55, 0x55, 0x55, 0x55, 0x59, 0x24, 0x55, 0x95, 0x55, 0x55, 0x55, 0x55, 0x15,
        0x45, 0x65, 0x55, 0x15, 0x15, 0x46, 0x55, 0x55, 0x55, 0x55, 0x55, 0x55, 0x55, 0x55, 0x55, 0x55,
        0x55, 0x55, 0x55, 0x55, 0x55, 0x59, 0x54, 0x55, 0x15, 0x55, 0x64, 0x55, 0x55, 0x55, 0x55, 0x55,
        0x55, 0x55, 0x45, 0x54, 0x55, 0x55, 0x54, 0x55, 0x65, 0x55, 0x55, 0x56, 0x95, 0x65, 0x45, 0x95,
        0x55, 0x45, 0x65, 0x55, 0x55, 0x50, 0x55, 0x55, 0x55, 0x56, 0x55, 0x45, 0x45, 0x55, 0x55, 0x55,
        0x55, 0x55, 0x52, 0x54, 0x55, 0x55, 0x55, 0x55, 0x54, 0x55, 0x56, 0x54, 0x55, 0x95, 0x55, 0x15,
        0x55, 0x55, 0x55, 0x51, 0x55, 0x15, 0x55, 0x55, 0x99, 0x55, 0x55, 0x55, 0x95, 0x55, 0x55, 0x55,
        0x54, 0x56, 0x59, 0x55, 0x55, 0x55, 0x55, 0x55, 0x55, 0x95, 0x64, 0x55, 0x55, 0x55, 0x65, 0x55,
        0x55, 0x66, 0x55, 0x55, 0x55, 0x55, 0x55, 0x55, 0x55, 0x55, 0x55, 0x55, 0x55, 0x45, 0x15, 0x56,
        0x55, 0x45, 0x55, 0x55, 0x55, 0x55, 0x65, 0x55, 0x55, 0x55, 0x55, 0x59, 0x55, 0x55, 0x55, 0x55,
        0x15, 0x55, 0x55, 0x15, 0x55, 0x55, 0x55, 0x55, 0x15, 0x65, 0x15, 0x54, 0x55, 0x55, 0x55, 0x55,
        0x55, 0x05, 0x55, 0x55, 0x59, 0x55, 0x55, 0x55, 0x55, 0x51, 0x16, 0x55, 0x54, 0x55, 0x55, 0x15,
        0x55, 0x50, 0x55, 0x55, 0x59, 0x55, 0x59, 0x55, 0x55, 0x55, 0x55, 0x55, 0x55, 0x55, 0x55, 0x65,
        0x55, 0x51, 0x56, 0x55, 0x55, 0x55, 0x95, 0x55, 0x45, 0x51, 0x55, 0x55, 0x54, 0x51, 0x50, 0x55,
        0x55, 0x55, 0x55, 0x25, 0x59, 0x95, 0x55, 0x55, 0x59, 0x59, 0x96, 0x15, 0x55, 0x51, 0x55, 0x95,
        0x55, 0x54, 0x55, 0x55, 0x55, 0x55, 0x55, 0x55, 0x56, 0x55, 0x95, 0x55, 0x85, 0x55, 0x55, 0x55,
        0x55, 0x56, 0x65, 0x15, 0x95, 0x55, 0x59, 0x45, 0x55, 0x55, 0x66, 0x56, 0x55, 0x55, 0x55, 0x55,
        0x55, 0x54, 0x45, 0x65, 0x55, 0x55, 0x55, 0x55, 0x54, 0x55, 0x55, 0x55, 0x68, 0x65, 0x65, 0x59,
        0x55, 0x55, 0x49, 0x55, 0x55, 0x54, 0x55, 0x55, 0x55, 0x55, 0x56, 0x55, 0x55, 0x55, 0x55, 0x54,
        0x15, 0x55, 0x55, 0x56, 0x55, 0x51, 0x55, 0x55, 0x55, 0x55, 0x55, 0x55, 0x65, 0x59, 0x51, 0x95,
        0x55, 0x54, 0x55, 0x95, 0x55, 0x55, 0x55, 0x65, 0x55, 0x59, 0x45, 0x56, 0x55, 0x55, 0x55, 0x15,
        0x56, 0x51, 0x65, 0x55, 0x95, 0x55, 0x55, 0x54, 0x54, 0x15, 0x55, 0x55, 0x94, 0x65, 0x55, 0x55,
        0x54, 0x55, 0x55, 0x55, 0x55, 0x55, 0x55, 0x55, 0xA5, 0x55, 0x55, 0x54, 0x51, 0x55, 0x55, 0x55,
        0x55, 0x55, 0x55, 0x55, 0x55, 0x55, 0x55, 0x59, 0x55, 0x55, 0x65, 0x59, 0x55, 0x59, 0x55, 0x55,
        0x55, 0x65, 0x55, 0x45, 0x55, 0x55, 0x95, 0x55, 0x55, 0x51, 0x55, 0x55, 0x56, 0x65, 0x55, 0x05,
        0x55, 0x54, 0x15, 0x55, 0x45, 0x54, 0x55, 0x55, 0x55, 0x95, 0x55, 0x55, 0x15, 0x56, 0x55, 0x55,
        0x55, 0x65, 0x55, 0x55, 0x55, 0x55, 0x55, 0x55, 0x55, 0x55, 0x55, 0x55, 0x55, 0x65, 0x55, 0x52,
        0x55, 0x59, 0x55, 0x55, 0x55, 0x55, 0x55, 0x65, 0x55, 0x5A, 0x55, 0x55, 0x55, 0x55, 0x55, 0x51,
        0x55, 0x55, 0x55, 0x55, 0x56, 0x55, 0x94, 0x59, 0x51, 0x45, 0x65, 0x55, 0x55, 0x55, 0x54, 0x55,
        0x59, 0x55, 0x55, 0x84, 0x55, 0x15, 0x55, 0x54, 0x55, 0x55, 0x55, 0x51, 0x65, 0x95, 0x55, 0x55,
        0x55, 0x65, 0x55, 0x65, 0x54, 0x51, 0x59, 0x95, 0x64, 0x55, 0x65, 0x55, 0x56, 0x55, 0x55, 0x51,
        0x64, 0x55, 0x55, 0x55, 0x56, 0x54, 0x45, 0x55, 0x55, 0x95, 0x55, 0x55, 0x54, 0x55, 0x55, 0x55,
        0x55, 0x55, 0x55, 0x65, 0x59, 0x55, 0x55, 0x95, 0x45, 0x55, 0x55, 0x55, 0x55, 0x55, 0x55, 0x91,
        0x55, 0x55, 0x19, 0x66, 0x55, 0x15, 0x55, 0x55, 0x55, 0x55, 0x99, 0x55, 0x55, 0x65, 0x95, 0x65,
        0x55, 0x55, 0x52, 0x14, 0x65, 0x51, 0x55, 0x55, 0x54, 0x55, 0x55, 0x5A, 0x55, 0x54, 0x55, 0x55,
        0x55, 0x55, 0x15, 0x55, 0x55, 0x65, 0x55, 0x55, 0x55, 0x55, 0x54, 0x51, 0x55, 0x94, 0x55, 0x51,
        0x55, 0x54, 0x96, 0x55, 0x45, 0x55, 0x51, 0x55, 0x55, 0x55, 0x55, 0x55, 0x55, 0x55, 0x15, 0x55,
        0x45, 0x55, 0x55, 0x55, 0x55, 0x55, 0x95, 0x55, 0x15, 0x94, 0x46, 0x55, 0x45, 0x56, 0x55, 0x65,
        0x55, 0x55, 0x54, 0x55, 0x55, 0x55, 0x59, 0x55, 0x55, 0x65, 0x65, 0x55, 0x55, 0x55, 0x55, 0x55,
        0x65, 0x55, 0x55, 0x55, 0x5A, 0x55, 0x95, 0x15, 0x55, 0x55, 0x55, 0x55, 0x95, 0x55, 0x55, 0x55,
        0x89, 0x55, 0xA5, 0x55, 0x55, 0x65, 0x65, 0x55, 0x55, 0x5A, 0x64, 0x55, 0x55, 0x56, 0x59, 0x51,
        0x95, 0x95, 0x56, 0x55, 0x55, 0x55, 0x51, 0x55, 0x51, 0x51, 0x55, 0x54, 0x55, 0x55, 0x55, 0x56,
        0x55, 0x55, 0x55, 0x55, 0x55, 0x65, 0x55, 0x55, 0x55, 0x55, 0x55, 0x55, 0x55, 0x95, 0x55, 0x55,
        0x55, 0x55, 0xA5, 0x55, 0x56, 0x55, 0x55, 0x55, 0x51, 0x55, 0x55, 0x55, 0x95, 0x55, 0x59, 0x95,
        0x55, 0x54, 0x61, 0x55, 0x55, 0x51, 0x95, 0x55, 0x64, 0x55, 0x55, 0x59, 0x55, 0x55, 0x55, 0x64,
        0x65, 0x09, 0x15, 0x55, 0x55, 0x55, 0x51, 0x55, 0x55, 0x55, 0x45, 0x55, 0x55, 0x65, 0x55, 0x55,
        0x55, 0x55, 0x51, 0x95, 0x65, 0x45, 0x55, 0x55, 0x55, 0x55, 0x15, 0x55, 0x51, 0x55, 0x55, 0x55,
        0x55, 0x55, 0x55, 0x65, 0x51, 0x55, 0x55, 0x55, 0x55, 0x55, 0x55, 0x55, 0x55, 0x55, 0x55, 0x45,
        0x55, 0x95, 0x54, 0x55, 0x55, 0x65, 0x55, 0x05, 0x55, 0x55, 0x55, 0x45, 0x55, 0x55, 0x55, 0x41,
        0x65, 0x55, 0x56, 0x55, 0x55, 0x55, 0x45, 0x55, 0x55, 0x65, 0x99, 0x55, 0x55, 0x55, 0x45, 0x55,
        0x55, 0x55, 0x55, 0x55, 0x55, 0x45, 0x54, 0x95, 0x15, 0x55, 0x55, 0x65, 0x55, 0x55, 0x95, 0x55,
        0x55, 0x55, 0x65, 0x55, 0x55, 0x54, 0x55, 0x55, 0x15, 0x55, 0x55, 0x5A, 0x59, 0x55, 0x45, 0x55,
        0x55, 0x95, 0x55, 0x55, 0x55, 0x56, 0x55, 0x95, 0x55, 0x59, 0x55, 0x55, 0x56, 0x69, 0x55, 0x55,
        0x55, 0x45, 0x55, 0x55, 0x54, 0x56, 0x55, 0x55, 0x59, 0x55, 0x55, 0x65, 0x54, 0x15, 0x65, 0x55,
        0x51, 0x55, 0x55, 0x45, 0x55, 0x55, 0x15, 0x55, 0x55, 0x55, 0x55, 0x54, 0x55, 0xA9, 0x55, 0x55,
        0x55, 0x55, 0x15, 0x05, 0x65, 0x45, 0x55, 0x55, 0x55, 0x55, 0x55, 0x55, 0x55, 0x55, 0x55, 0x95,
        0x55, 0x54, 0x15, 0x55, 0x65, 0x95, 0x45, 0x55, 0x55, 0x55, 0x55, 0x55, 0x65, 0x55, 0x45, 0x55,
        0x65, 0x91, 0x55, 0x95, 0x56, 0x55, 0x55, 0x65, 0x55, 0x59, 0x55, 0x56, 0x54, 0x55, 0x25, 0x96,
        0x55, 0x55, 0x15, 0x55, 0x55, 0x55, 0x95, 0x96, 0x51, 0x55, 0x55, 0x55, 0x95, 0x45, 0x55, 0x55,
        0x55, 0x45, 0x51, 0x55, 0x55, 0x54, 0x55, 0x55, 0x55, 0x55, 0x55, 0x59, 0x55, 0x55, 0x55, 0x15,
        0x55, 0x55, 0x55, 0x59, 0x45, 0x05, 0x55, 0x14, 0x55, 0x55, 0x59, 0x59, 0x55, 0x55, 0x14, 0x55,
        0x55, 0x55, 0x55, 0x55, 0x65, 0x54, 0x55, 0x41, 0x56, 0x55, 0x95, 0x55, 0x55, 0x55, 0x45, 0x55,
        0x55, 0x59, 0x55, 0x55, 0x55, 0x45, 0x65, 0x55, 0x95, 0x55, 0x59, 0x55, 0x55, 0x55, 0x96, 0x95,
        0x55, 0x55, 0x56, 0x55, 0x55, 0x55, 0x55, 0x65, 0x56, 0x55, 0x59, 0x15, 0x55, 0x59, 0x41, 0x55,
        0x55, 0x55, 0x55, 0x55, 0x54, 0x55, 0x55, 0x55, 0x55, 0x59, 0x54, 0x55, 0x65, 0x55, 0x55, 0x55,
        0x55, 0x59, 0x65, 0x55, 0x66, 0x55, 0x61, 0x55, 0x55, 0x55, 0x55, 0x55, 0x55, 0x15, 0x51, 0x55,
        0x55, 0x55, 0x55, 0x55, 0x55, 0x55, 0x59, 0x45, 0x45, 0x55, 0x56, 0x51, 0x55, 0x95, 0x55, 0x59,
        0x55, 0x55, 0x55, 0x55, 0x15, 0x54, 0x55, 0x54, 0x65, 0x59, 0x55, 0x55, 0x55, 0x55, 0x59, 0x04,
        0x96, 0x55, 0x55, 0x45, 0x94, 0x65, 0x55, 0x95, 0x55, 0x55, 0x55, 0x55, 0x55, 0x56, 0x65, 0x45,
        0x55, 0x55, 0x55, 0x15, 0x55, 0x55, 0x56, 0x55, 0x85, 0x55, 0x59, 0x59, 0x59, 0x55, 0x55, 0x65,
        0x59, 0x55, 0x55, 0x54, 0x45, 0x55, 0x26, 0x56, 0x55, 0x55, 0x55, 0x51, 0x50, 0x95, 0x55, 0x95,
        0x55, 0x55, 0x55, 0x95, 0x55, 0x55, 0x95, 0x54, 0x55, 0x61, 0x59, 0x55, 0x55, 0x55, 0x59, 0x55,
        0x95, 0x55, 0x55, 0x55, 0x55, 0x51, 0x55, 0x55, 0x55, 0x54, 0x65, 0x55, 0x55, 0x55, 0x54, 0x65,
        0x55, 0x61, 0x54, 0x55, 0x59, 0x55, 0x55, 0x45, 0x65, 0x55, 0x55, 0x55, 0x55, 0x55, 0x55, 0x55,
        0x55, 0x59, 0x15, 0x55, 0x54, 0x55, 0x56, 0x55, 0x55, 0x65, 0x59, 0x59, 0x55, 0x45, 0x55, 0x55,
        0x59, 0x55, 0x59, 0x95, 0x55, 0x55, 0x55, 0x45, 0x51, 0x55, 0x51, 0x55, 0x55, 0x15, 0x15, 0x56,
        0x55, 0x55, 0x55, 0x95, 0x15, 0x64, 0x95, 0x65, 0x55, 0x15, 0x55, 0x55, 0x95, 0x65, 0x55, 0x45,
        0x59, 0x65, 0x55, 0x55, 0x55, 0x55, 0x51, 0x55, 0x54, 0x55, 0x55, 0x55, 0x55, 0x55, 0x56, 0x55,
        0x45, 0x15, 0x15, 0x55, 0x55, 0x55, 0x15, 0x51, 0x55, 0x55, 0x55, 0x51, 0x55, 0x55, 0x65, 0x54,
        0x45, 0x55, 0x54, 0x55, 0x55, 0x59, 0x55, 0x55, 0x45, 0x55, 0x58, 0x19, 0x55, 0x55, 0x55, 0x55,
        0x55, 0x05, 0x56, 0x55, 0x45, 0x55, 0x61, 0x95, 0x55, 0x55, 0x51, 0x55, 0x56, 0x45, 0x55, 0x55,
        0x55, 0x54, 0x59, 0x51, 0x55, 0x55, 0x52, 0x95, 0x54, 0x95, 0x55, 0x65, 0x65, 0x55, 0x55, 0x55,
        0x19, 0x59, 0x64, 0x95, 0x55, 0x15, 0x55, 0x55, 0x55, 0x55, 0x55, 0x55, 0x45, 0x55, 0x55, 0x65,
        0x55, 0x51, 0x55, 0x55, 0x95, 0x55, 0x55, 0x55, 0x95, 0x55, 0x41, 0x65, 0x55, 0x65, 0x55, 0x59,
        0x55, 0x55, 0x5A, 0x51, 0x59, 0x55, 0x59, 0x55, 0x55, 0x55, 0x99, 0x55, 0x55, 0x54, 0x55, 0x59,
        0x55, 0x55, 0x55, 0x65, 0x55, 0x55, 0x55, 0x55, 0x65, 0x55, 0x55, 0x55, 0x55, 0x65, 0x55, 0x55,
        0x59, 0x15, 0x66, 0x55, 0x55, 0x55, 0x95, 0x55, 0x55, 0x11, 0x55, 0x55, 0x55, 0x55, 0x55, 0x55,
        0x15, 0x65, 0x15, 0x55, 0x55, 0x55, 0x55, 0x55, 0x15, 0x59, 0x55, 0x55, 0x55, 0x55, 0x55, 0x55,
        0x41, 0x55, 0x55, 0x54, 0x59, 0x15, 0x59, 0x55, 0x55, 0x55, 0x55, 0x51, 0x55, 0x45, 0x55, 0x55,
        0x55, 0x55, 0x95, 0x95, 0x59, 0x55, 0x55, 0x55, 0x55, 0x55, 0x55, 0x55, 0x59, 0x55, 0x55, 0x55,
        0x55, 0x55, 0x55, 0x55, 0x55, 0x45, 0x95, 0x55, 0x56, 0x55, 0x55, 0x66, 0x95, 0x55, 0x55, 0x55,
        0x55, 0x55, 0x55, 0x95, 0x95, 0x25, 0x55, 0x55, 0x55, 0x54, 0x55, 0x51, 0x55, 0x55, 0x55, 0x55,
        0x55, 0x55, 0x45, 0x55, 0x55, 0x59, 0x51, 0x95, 0x15, 0x45, 0x95, 0x55, 0x56, 0x55, 0x55, 0x55,
        0x45, 0x55, 0x15, 0x96, 0x55, 0x55, 0x51, 0x55, 0x55, 0x55, 0x55, 0x15, 0x55, 0x45, 0x59, 0x56,
        0x55, 0x55, 0x95, 0x55, 0x46, 0x59, 0x51, 0x55, 0x55, 0x55, 0x55, 0x55, 0x55, 0x55, 0x55, 0x94,
        0x54, 0x55, 0x55, 0x55, 0x54, 0x94, 0x55, 0x59, 0x55, 0x55, 0x56, 0x55, 0x15, 0x65, 0x45, 0x65,
        0x65, 0x59, 0x55, 0x56, 0x56, 0x55, 0x55, 0x55, 0x55, 0x55, 0x15, 0x45, 0x45, 0x55, 0x55, 0x56,
        0x45, 0x54, 0x55, 0x55, 0x55, 0x51, 0x15, 0x55, 0x54, 0x55, 0x55, 0x55, 0x55, 0x55, 0x55, 0x55,
        0x55, 0x59, 0x51, 0x56, 0x69, 0x15, 0x55, 0x55, 0x55, 0x55, 0x56, 0x59, 0x55, 0x55, 0x59, 0x55,
        0x55, 0x55, 0x59, 0x65, 0x51, 0x54, 0x55, 0x55, 0x65, 0x54, 0x55, 0x55, 0x95, 0x55, 0x55, 0x56,
        0x55, 0x55, 0x69, 0x59, 0x55, 0x55, 0x54, 0x55, 0x64, 0x59, 0x55, 0x59, 0x95, 0x55, 0x55, 0x1A,
        0x55, 0x55, 0x55, 0x55, 0x55, 0x55, 0x55, 0x14, 0x55, 0x5A, 0x45, 0x55, 0x55, 0x59, 0x55, 0x55,
        0x55, 0x55, 0x55, 0x55, 0x55, 0x55, 0x15, 0x51, 0x55, 0x55, 0x59, 0x55, 0x55, 0x54, 0x55, 0x51,
        0x55, 0x95, 0x95, 0x55, 0x55, 0x55, 0x65, 0x55, 0x55, 0x55, 0x55, 0x55, 0x55, 0x55, 0x50, 0x19,
        0x55, 0x55, 0x55, 0x55, 0x95, 0x55, 0x55, 0x55, 0x55, 0x65, 0x56, 0x95, 0x55, 0x56, 0x51, 0x15,
        0x95, 0x55, 0x55, 0x55, 0x55, 0x59, 0x56, 0x55, 0x55, 0x56, 0x55, 0x55, 0x59, 0x55, 0x55, 0x55,
        0x55, 0x55, 0x55, 0x51, 0x55, 0x55, 0x55, 0x65, 0x55, 0x55, 0x55, 0x56, 0x54, 0x54, 0x55, 0x54,
        0x55, 0x65, 0x56, 0x55, 0x55, 0x95, 0x55, 0x56, 0x55, 0x55, 0x55, 0x55, 0x55, 0x51, 0x55, 0x55,
        0x55, 0x58, 0x65, 0x45, 0x55, 0x55, 0x55, 0x55, 0x15, 0x55, 0x55, 0x11, 0x55, 0x95, 0x55, 0x54,
        0x65, 0x41, 0x64, 0x50, 0x55, 0x95, 0x55, 0x92, 0x55, 0x55, 0x65, 0x65, 0x55, 0x55, 0x55, 0x55,
        0x55, 0x55, 0x65, 0x55, 0x55, 0x55, 0x55, 0x55, 0x15, 0x95, 0x54, 0x55, 0x55, 0x55, 0x59, 0x54,
        0x55, 0x65, 0x54, 0x55, 0x55, 0x95, 0x55, 0x11, 0x55, 0x55, 0x55, 0x55, 0x95, 0x55, 0x55, 0x55,
        0x55, 0x55, 0x55, 0x55, 0x55, 0x15, 0x54, 0x55, 0x56, 0x45, 0x19, 0x55, 0x55, 0x55, 0x95, 0x55,
        0x55, 0x55, 0x55, 0x55, 0x14, 0x59, 0x55, 0x45, 0x45, 0x55, 0x55, 0x55, 0x55, 0x55, 0x95, 0x55,
        0x55, 0x55, 0x55, 0x55, 0x65, 0x55, 0x55, 0x55, 0x15, 0x65, 0x95, 0x55, 0x55, 0x55, 0x55, 0x51,
        0x55, 0x65, 0x45, 0x60, 0x55, 0x55, 0x55, 0x55, 0x15, 0x55, 0x55, 0x55, 0x58, 0x55, 0x55, 0x59,
        0x55, 0x55, 0x65, 0x61, 0x55, 0x55, 0x55, 0x55, 0x55, 0x55, 0x95, 0x55, 0x55, 0x55, 0x55, 0x15,
        0x56, 0x55, 0x55, 0x65, 0x55, 0x55, 0x59, 0x55, 0x55, 0x51, 0x45, 0x55, 0x55, 0x15, 0x51, 0x65,
        0x16, 0x54, 0x56, 0x95, 0x15, 0x55, 0x55, 0x55, 0x55, 0x55, 0x65, 0x55, 0x65, 0x55, 0x96, 0x55,
        0x59, 0x55, 0x54, 0x59, 0x51, 0x55, 0x55, 0x56, 0x65, 0x25, 0x15, 0x55, 0x55, 0x55, 0x55, 0x55,
        0x69, 0x56, 0x55, 0x54, 0x65, 0x95, 0x55, 0x55, 0x56, 0x55, 0x55, 0x55, 0x55, 0x55, 0x54, 0x15,
        0x55, 0x56, 0x55, 0x59, 0x55, 0x95, 0x55, 0x55, 0x55, 0x55, 0x15, 0x55, 0x55, 0x55, 0x55, 0x54,
        0x54, 0x55, 0x55, 0x55, 0x55, 0x55, 0x55, 0x95, 0x54, 0x55, 0x55, 0x55, 0x55, 0x55, 0x58, 0x65,
        0x15, 0x55, 0x55, 0x55, 0x15, 0x94, 0x51, 0x59, 0x45, 0x55, 0x55, 0x55, 0x99, 0x55, 0x55, 0x55,
        0x52, 0x55, 0x55, 0x55, 0x55, 0x55, 0x55, 0x55, 0x55, 0x55, 0x65, 0x56, 0x55, 0x56, 0x45, 0x25,
        0x55, 0x15, 0x55, 0x41, 0x55, 0x51, 0x55, 0x55, 0x55, 0x55, 0x61, 0x55, 0x55, 0x55, 0x55, 0x9A,
        0x95, 0x55, 0x95, 0x51, 0x55, 0x65, 0x15, 0x55, 0x55, 0x45, 0x59, 0x95, 0x55, 0x55, 0x54, 0x55,
        0x55, 0x59, 0x55, 0x55, 0x55, 0x55, 0x56, 0x64, 0x55, 0x94, 0x55, 0x55, 0x56, 0x59, 0x55, 0x45,
        0x55, 0x55, 0x55, 0x55, 0x55, 0x55, 0x69, 0x95, 0x55, 0x55, 0x56, 0x55, 0x55, 0x55, 0x55, 0x55,
        0x55, 0x55, 0x55, 0x55, 0x55, 0x55, 0x55, 0x55, 0x55, 0x45, 0x55, 0x55, 0x55, 0x06, 0x55, 0x55,
        0x55, 0x55, 0x55, 0x59, 0x55, 0x55, 0x55, 0x55, 0x55, 0x45, 0x45, 0x4A, 0x55, 0x55, 0x55, 0x55,
        0x45, 0x55, 0x55, 0x55, 0x95, 0x65, 0x55, 0x55, 0x55, 0x55, 0x55, 0x55, 0x55, 0x55, 0x55, 0x55,
        0x55, 0x59, 0x56, 0x55, 0x55, 0x91, 0x55, 0x55, 0x55, 0x55, 0x94, 0x55, 0x15, 0x56, 0x55, 0x55,
        0x55, 0x55, 0x55, 0x55, 0x65, 0x59, 0x55, 0x55, 0x55, 0x56, 0x55, 0x56, 0x55, 0x94, 0x55, 0x66,
        0x95, 0x59, 0x95, 0x55, 0x55, 0x56, 0x15, 0x55, 0x45, 0x45, 0x55, 0x55, 0x55, 0x15, 0x95, 0x15,
        0x55, 0x69, 0x55, 0x55, 0x56, 0x59, 0x55, 0x55, 0x56, 0x55, 0x55, 0x55, 0x55, 0x15, 0x55, 0x51,
        0x65, 0x55, 0x55, 0x94, 0x55, 0x55, 0x55, 0x55, 0x55, 0x55, 0x56, 0x55, 0x55, 0x59, 0x55, 0x55,
        0x15, 0x55, 0x56, 0x55, 0x55, 0x45, 0x59, 0x55, 0x55, 0x55, 0x95, 0x55, 0x55, 0x55, 0x55, 0x55,
        0x55, 0x55, 0x51, 0x55, 0x55, 0x59, 0x55, 0x55, 0x65, 0x54, 0x55, 0x55, 0x55, 0x55, 0x95, 0x59,
        0x55, 0x54, 0x55, 0x55, 0x55, 0x55, 0x55, 0x55, 0x55, 0x55, 0x59, 0x55, 0x44, 0x55, 0x55, 0x55,
        0x55, 0x55, 0x55, 0x55, 0x55, 0x55, 0x55, 0x55, 0x55, 0x55, 0x55, 0x55, 0x14, 0x45, 0x94, 0x95,
        0x55, 0x55, 0x51, 0x55, 0x55, 0x55, 0x45, 0x55, 0x55, 0x55, 0x45, 0x51, 0x55, 0x66, 0x65, 0x55,
        0x55, 0x99, 0x56, 0x55, 0x55, 0x59, 0x55, 0x45, 0x55, 0x15, 0x55, 0x56, 0x96, 0x58, 0x56, 0x55,
        0x65, 0x55, 0x91, 0x59, 0x55, 0x55, 0x55, 0x55, 0x51, 0x55, 0x55, 0x55, 0x55, 0x55, 0x55, 0x54,
        0x55, 0x55, 0x55, 0x65, 0x55, 0x56, 0x55, 0x45, 0x55, 0x55, 0x55, 0x55, 0x55, 0x59, 0x55, 0x55,
        0x55, 0x55, 0x55, 0x55, 0x54, 0x25, 0x51, 0x55, 0x51, 0x65, 0x55, 0x55, 0x55, 0x55, 0x55, 0x55,
        0x55, 0x55, 0x55, 0x55, 0x69, 0x55, 0x55, 0x55, 0x55, 0x55, 0x55, 0x55, 0x55, 0x55, 0x55, 0x55,
        0x55, 0x45, 0x55, 0x55, 0x55, 0x55, 0x55, 0x65, 0x95, 0xA5, 0x55, 0x55, 0x55, 0x15, 0x61, 0x55,
        0x55, 0x55, 0x55, 0x55, 0x65, 0x65, 0x59, 0x55, 0x45, 0x55, 0x55, 0x55, 0x45, 0x65, 0x51, 0x45,
        0x54, 0x55, 0x51, 0x55, 0x45, 0x65, 0x55, 0x55, 0x95, 0x56, 0x55, 0x95, 0x55, 0x55, 0x55, 0x55,
        0x51, 0x55, 0x55, 0x95, 0x55, 0x55, 0x66, 0x54, 0x55, 0x91, 0x55, 0x55, 0x54, 0x59, 0x55, 0x56,
        0x59, 0x55, 0x15, 0x55, 0x95, 0x55, 0x45, 0x95, 0x51, 0x94, 0x55, 0x59, 0x15, 0x55, 0x45, 0x55,
        0x54, 0x55, 0x55, 0x51, 0x55, 0x45, 0x85, 0x55, 0x55, 0x54, 0x55, 0x55, 0x55, 0x55, 0x55, 0x56,
        0x15, 0x59, 0x55, 0x55, 0x55, 0x55, 0x51, 0x55, 0x65, 0x55, 0x65, 0x55, 0x85, 0x55, 0x55, 0x55,
        0x54, 0x55, 0x55, 0x55, 0x65, 0x41, 0x55, 0x55, 0x55, 0x65, 0x55, 0x55, 0x55, 0x51, 0x55, 0x15,
        0x54, 0x55, 0x45, 0x55, 0x55, 0x56, 0x56, 0x55, 0x55, 0x55, 0x55, 0x55, 0x55, 0x55, 0x55, 0x15,
        0x55, 0x54, 0x59, 0x55, 0x55, 0x96, 0x55, 0x55, 0x55, 0x55, 0x55, 0x55, 0x55, 0x55, 0x55, 0x15,
        0x59, 0x56, 0x55, 0x55, 0x55, 0x55, 0x45, 0x54, 0x55, 0x55, 0x55, 0x55, 0x65, 0x55, 0x54, 0x51,
        0x55, 0x55, 0x65, 0x55, 0x55, 0x55, 0x55, 0x55, 0x55, 0x55, 0x55, 0x64, 0x55, 0x51, 0x55, 0x96,
        0x55, 0x55, 0x55, 0x95, 0x59, 0x95, 0x66, 0x55, 0x95, 0x51, 0x59, 0x55, 0x56, 0x61, 0x55, 0x55,
        0x55, 0x55, 0xA5, 0x55, 0x45, 0x55, 0x54, 0x51, 0x55, 0x91, 0x55, 0x59, 0x55, 0x55, 0x59, 0x55,
        0x55, 0x55, 0x55, 0x51, 0x65, 0x55, 0x95, 0x15, 0x51, 0x55, 0x55, 0x55, 0x55, 0x54, 0x51, 0x55,
        0x95, 0x59, 0x15, 0x55, 0x55, 0x55, 0x55, 0x65, 0x55, 0x55, 0x15, 0x95, 0x54, 0x55, 0x55, 0x15,
        0x55, 0x55, 0x55, 0x55, 0x95, 0x45, 0x45, 0x51, 0x55, 0x55, 0x66, 0x55, 0x65, 0x55, 0x55, 0x55,
        0x94, 0x55, 0x41, 0x95, 0x56, 0x95, 0x55, 0x56, 0x58, 0x55, 0x55, 0x55, 0x55, 0x51, 0x55, 0x55,
        0x55, 0x55, 0x55, 0x55, 0x55, 0x54, 0x55, 0x55, 0x55, 0x55, 0x95, 0x55, 0x55, 0x55, 0x55, 0x15,
        0x19, 0x55, 0x59, 0x56, 0x55, 0x55, 0x51, 0x51, 0x55, 0x55, 0x55, 0x59, 0x59, 0x55, 0x51, 0x55,
        0x55, 0x95, 0x58, 0x55, 0x45, 0x65, 0x55, 0x55, 0x52, 0x56, 0x55, 0x55, 0x55, 0x54, 0x56, 0x59,
        0x55, 0x55, 0x55, 0x95, 0x55, 0x55, 0x95, 0x55, 0x55, 0x55, 0x56, 0x55, 0x55, 0x55, 0x55, 0x65,
        0x66, 0x55, 0x55, 0x55, 0x55, 0x55, 0x55, 0x55, 0x51, 0x55, 0x55, 0x95, 0x61, 0x55, 0x51, 0x59,
        0x55, 0x55, 0x55, 0x55, 0x55, 0x85, 0x65, 0x95, 0x56, 0x56, 0x55, 0x55, 0x51, 0x55, 0x65, 0x55,
        0x56, 0x55, 0x56, 0x54, 0x55, 0x55, 0x55, 0x55, 0x55, 0x59, 0x55, 0x55, 0x15, 0x55, 0x55, 0x59,
        0x56, 0x55, 0x55, 0x55, 0x55, 0x55, 0x55, 0x59, 0x65, 0x55, 0x54, 0x95, 0x55, 0xA5, 0x45, 0x95,
        0x65, 0x55, 0x55, 0x55, 0x55, 0x55, 0x45, 0x55, 0x05, 0x55, 0x55, 0x55, 0x55, 0x55, 0x55, 0x55,
        0x55, 0x55, 0x55, 0x55, 0x55, 0x95, 0x55, 0x45, 0x55, 0x55, 0x55, 0x54, 0x55, 0x15, 0x55, 0x58,
        0x55, 0x45, 0x59, 0x55, 0x55, 0x55, 0x65, 0x59, 0x55, 0x55, 0x45, 0x55, 0x55, 0x55, 0x55, 0x45,
        0x55, 0x45, 0x55, 0x55, 0x65, 0x55, 0x55, 0x55, 0x55, 0x55, 0x55, 0x55, 0x55, 0x52, 0x55, 0x55,
        0x55, 0x55, 0x56, 0x55, 0x55, 0x55, 0x55, 0x59, 0x55, 0x59, 0x15, 0x55, 0x55, 0x66, 0x55, 0x54,
        0x51, 0x59, 0x55, 0x95, 0x95, 0x56, 0x95, 0x45, 0x55, 0x55, 0x55, 0x15, 0x55, 0x95, 0x15, 0x54,
        0x55, 0x55, 0x59, 0x55, 0x55, 0x56, 0x65, 0x59, 0x55, 0x95, 0x55, 0x45, 0x55, 0x46, 0x55, 0x55,
        0x55, 0x55, 0x55, 0x65, 0x65, 0x55, 0x55, 0x99, 0x55, 0x55, 0x14, 0x55, 0x55, 0x55, 0x65, 0x15,
        0x55, 0x55, 0x55, 0x55, 0x55, 0x16, 0x55, 0x59, 0x55, 0x55, 0x55, 0x55, 0x55, 0x65, 0x41, 0x55,
        0x55, 0x55, 0x69, 0x56, 0x15, 0x55, 0x55, 0x51, 0x55, 0x55, 0x55, 0x55, 0x55, 0x55, 0x45, 0x55,
        0x55, 0x55, 0x54, 0x59, 0x55, 0x95, 0x54, 0x55, 0x55, 0x56, 0x65, 0x55, 0x55, 0x51, 0x55, 0x55,
        0x55, 0x55, 0x95, 0x59, 0x55, 0x65, 0x65, 0x55, 0x55, 0x95, 0x56, 0xA5, 0x55, 0x55, 0x66, 0x55,
        0x5A, 0x55, 0x55, 0x55, 0x55, 0x95, 0x55, 0x54, 0x55, 0x55, 0x55, 0x55, 0x55, 0x55, 0x55, 0x56,
        0x55, 0x65, 0x55, 0x55, 0x58, 0x55, 0x55, 0x55, 0x41, 0x55, 0x95, 0x56, 0x55, 0x55, 0x55, 0x95,
        0x65, 0x55, 0x56, 0x55, 0x95, 0x55, 0x65, 0x56, 0x55, 0x55, 0x55, 0x55, 0x55, 0x55, 0x55, 0x96,
        0x55, 0x54, 0x55, 0x55, 0x5A, 0x55, 0x59, 0x55, 0xA5, 0x54, 0x55, 0x14, 0x55, 0x65, 0x55, 0x55,
        0x55, 0x95, 0x55, 0x55, 0x15, 0x55, 0x55, 0x55, 0x55, 0x55, 0x51, 0x55, 0x55, 0x55, 0x55, 0x55,
        0x55, 0x55, 0x55, 0x95, 0x94, 0x54, 0x55, 0x56, 0x55, 0x55, 0x55, 0x55, 0x55, 0x55, 0x55, 0x55,
        0x55, 0x55, 0x15, 0x96, 0x51, 0x55, 0x55, 0x45, 0x55, 0x45, 0x21, 0x55, 0x55, 0x55, 0x55, 0x55,
        0x51, 0x55, 0x14, 0x55, 0x51, 0x95, 0x55, 0x55, 0x56, 0x55, 0x55, 0x55, 0x55, 0x55, 0x55, 0x65,
        0x55, 0x54, 0x55, 0x49, 0x55, 0x95, 0x55, 0x45, 0x45, 0x51, 0x55, 0x55, 0x11, 0x55, 0x59, 0x55,
        0x45, 0x54, 0x54, 0x55, 0x55, 0x56, 0x15, 0x59, 0x51, 0x55, 0x55, 0x55, 0x55, 0x95, 0x55, 0x54,
        0x55, 0x55, 0x55, 0x55, 0x45, 0x45, 0x55, 0x14, 0x55, 0x55, 0x51, 0x95, 0x55, 0x55, 0x55, 0x55,
        0x55, 0x15, 0x55, 0x55, 0x55, 0x56, 0x55, 0x59, 0x55, 0x55, 0x55, 0x55, 0x55, 0x55, 0x96, 0x15,
        0x55, 0x55, 0x55, 0x55, 0x55, 0x11, 0x54, 0x55, 0x55, 0x55, 0x55, 0x56, 0x55, 0x85, 0x55, 0x55,
        0x55, 0x55, 0x14, 0x15, 0x55, 0x65, 0x55, 0x55, 0x55, 0x59, 0x55, 0x45, 0x55, 0x65, 0x45, 0x55,
        0x55, 0x55, 0x55, 0x55, 0x65, 0x95, 0x49, 0x55, 0x55, 0x55, 0x55, 0x55, 0x56, 0x55, 0x69, 0x55,
        0x45, 0x54, 0x55, 0x55, 0x45, 0x55, 0x55, 0x45, 0x95, 0x55, 0xA5, 0x15, 0x55, 0x55, 0x55, 0x55,
        0x15, 0x56, 0x65, 0x55, 0x59, 0x55, 0x54, 0x55, 0x99, 0x55, 0x55, 0xA5, 0x54, 0x46, 0x56, 0x99,
        0x55, 0x56, 0x56, 0x55, 0x55, 0x95, 0x55, 0x55, 0x55, 0x55, 0x55, 0x55, 0x55, 0x55, 0x55, 0x56,
        0x65, 0x55, 0x45, 0x15, 0x56, 0x55, 0x59, 0x69, 0x65, 0x56, 0x55, 0x55, 0x51, 0x55, 0x55, 0x56,
        0x59, 0x55, 0x55, 0x55, 0x55, 0x55, 0x55, 0x54, 0x55, 0x55, 0x55, 0x55, 0x55, 0x55, 0x15, 0x55,
        0x55, 0x55, 0x55, 0x55, 0x55, 0x55, 0x55, 0x51, 0x55, 0x59, 0x58, 0x55, 0x15, 0x55, 0x54, 0x55,
        0x55, 0x5A, 0x45, 0x59, 0x55, 0x55, 0x56, 0x55, 0x55, 0x95, 0x55, 0x51, 0x55, 0x55, 0x55, 0x59,
        0x55, 0x96, 0x55, 0x55, 0x55, 0x55, 0x55, 0x59, 0x55, 0x55, 0x55, 0x85, 0x55, 0x95, 0x52, 0x54,
        0x55, 0x55, 0x15, 0x55, 0x51, 0x55, 0x95, 0x59, 0x55, 0x55, 0x58, 0x59, 0x55, 0x55, 0x55, 0x65,
        0x55, 0x95, 0x91, 0x15, 0x54, 0x55, 0x55, 0x55, 0x55, 0x59, 0x65, 0x85, 0x99, 0x55, 0x55, 0x55,
        0x55, 0x59, 0x56, 0x55, 0x55, 0x51, 0x55, 0x55, 0x55, 0x55, 0x55, 0x55, 0x55, 0x55, 0x55, 0x55,
        0x54, 0x55, 0x51, 0x55, 0x55, 0x59, 0x55, 0x55, 0x95, 0x55, 0x56, 0x55, 0x55, 0x55, 0x54, 0x95,
        0x56, 0x96, 0x51, 0x55, 0x55, 0x65, 0x51, 0x95, 0x51, 0x65, 0x55, 0x55, 0x55, 0x19, 0x55, 0x55,
        0x55, 0x45, 0x55, 0x45, 0x95, 0x55, 0x54, 0x55, 0x54, 0x11, 0x55, 0x56, 0x66, 0x55, 0x55, 0x55,
        0x50, 0x55, 0x56, 0x55, 0x55, 0x56, 0x55, 0x55, 0x55, 0x55, 0x55, 0x55, 0x55, 0x55, 0x55, 0x55,
        0x55, 0x55, 0x55, 0x59, 0x54, 0x59, 0x15, 0x51, 0x55, 0x55, 0x59, 0x56, 0x55, 0x55, 0x55, 0x69,
        0x55, 0x55, 0x55, 0x55, 0x55, 0x55, 0x55, 0x55, 0x55, 0x15, 0x55, 0x55, 0x55, 0x56, 0x56, 0x55,
        0x65, 0x55, 0x95, 0x55, 0x55, 0x55, 0x59, 0x55, 0x45, 0x55, 0x65, 0x55, 0x44, 0x55, 0x55, 0x55,
        0x55, 0x55, 0x55, 0x45, 0x55, 0x59, 0x55, 0x55, 0x55, 0x56, 0x95, 0x54, 0x44, 0x55, 0x55, 0x65,
        0x54, 0x55, 0x55, 0x55, 0x55, 0x55, 0x55, 0x15, 0x55, 0x59, 0x55, 0x55, 0x55, 0x51, 0x55, 0x55,
        0x55, 0x96, 0x54, 0x59, 0x55, 0x56, 0x55, 0x55, 0x55, 0x55, 0x59, 0x55, 0x55, 0x55, 0x55, 0x56,
        0x55, 0x55, 0x55, 0x55, 0x55, 0x55, 0x69, 0x55, 0x59, 0x85, 0x55, 0x55, 0x65, 0x56, 0x55, 0x45,
        0x55, 0x51, 0x91, 0x55, 0x55, 0x55, 0x95, 0x55, 0x56, 0x55, 0x55, 0x41, 0x95, 0x55, 0x55, 0x59,
        0x55, 0x55, 0x59, 0x55, 0x55, 0x55, 0x55, 0x55, 0x56, 0x55, 0x55, 0x85, 0x61, 0x55, 0x55, 0x55,
        0x55, 0x15, 0x45, 0x55, 0x56, 0x59, 0x55, 0x55, 0x59, 0x55, 0x55, 0x55, 0x55, 0x54, 0x55, 0x55,
        0x56, 0x55, 0x55, 0x55, 0x56, 0x55, 0x55, 0x54, 0x15, 0x55, 0x55, 0x99, 0x55, 0x66, 0x65, 0x55,
        0x55, 0x59, 0x15, 0x15, 0x65, 0x55, 0x55, 0x55, 0x55, 0x55, 0x55, 0x45, 0x51, 0x55, 0x55, 0x59,
        0x56, 0x55, 0x69, 0x55, 0x55, 0x55, 0x55, 0x55, 0x55, 0x55, 0x55, 0x54, 0x15, 0x54, 0x41, 0x95,
        0x55, 0x55, 0x55, 0x55, 0x55, 0x55, 0x55, 0x55, 0x65, 0x55, 0x55, 0x55, 0x55, 0x45, 0x56, 0x55,
        0x55, 0x55, 0x55, 0x55, 0x69, 0x51, 0x55, 0x59, 0x15, 0x55, 0x55, 0x55, 0x56, 0x55, 0x51, 0x55,
        0x55, 0x55, 0x16, 0x55, 0x55, 0x15, 0x54, 0x55, 0x55, 0x51, 0x61, 0x55, 0x55, 0x55, 0x55, 0x59,
        0x56, 0x15, 0x65, 0x55, 0x55, 0x55, 0x55, 0x55, 0x55, 0x55, 0x51, 0x55, 0x65, 0x55, 0x54, 0x55,
        0x51, 0x46, 0x55, 0x55, 0x55, 0x45, 0x55, 0x55, 0x64, 0x15, 0x55, 0x65, 0x55, 0x56, 0x55, 0x56,
        0x55, 0x65, 0x55, 0x65, 0x51, 0x55, 0x55, 0x55, 0x55, 0x55, 0x15, 0x59, 0x96, 0x55, 0x45, 0x1A,
        0x55, 0x56, 0x55, 0x55, 0x55, 0x55, 0x95, 0x45, 0x45, 0x15, 0x55, 0x55, 0x55, 0x55, 0x55, 0x55,
        0x65, 0x54, 0x65, 0x55, 0x55, 0x55, 0x55, 0x55, 0x56, 0x55, 0x55, 0x15, 0x59, 0x55, 0x51, 0x19,
        0x55, 0x55, 0x59, 0x55, 0x55, 0x51, 0x55, 0x55, 0x41, 0x50, 0x96, 0x45, 0x95, 0x55, 0x55, 0x55,
        0x60, 0x55, 0x55, 0x55, 0x55, 0x55, 0x15, 0x55, 0x55, 0x55, 0x55, 0x95, 0x55, 0x55, 0x55, 0x55,
        0x55, 0x55, 0x55, 0x55, 0x55, 0x55, 0x55, 0x55, 0x55, 0x55, 0x55, 0x59, 0x56, 0x15, 0x54, 0x55,
        0x55, 0x55, 0x15, 0x59, 0x55, 0x55, 0x55, 0x55, 0x55, 0x95, 0x55, 0x15, 0x54, 0x55, 0x05, 0x55,
        0x55, 0x59, 0x59, 0x55, 0x55, 0x55, 0x55, 0x59, 0x56, 0x65, 0x55, 0x55, 0x55, 0x95, 0x65, 0x15,
        0x96, 0x55, 0x15, 0x54, 0x55, 0x55, 0x56, 0x59, 0x55, 0x55, 0x55, 0x59, 0x55, 0x55, 0x56, 0x65,
        0x55, 0x55, 0x55, 0x55, 0x55, 0x55, 0x55, 0x51, 0x61, 0x55, 0x55, 0x55, 0x69, 0x55, 0x55, 0x54,
        0x59, 0x95, 0x55, 0x55, 0x56, 0x45, 0x46, 0x55, 0x55, 0x56, 0x55, 0x55, 0x55, 0x55, 0x55, 0x55,
        0x64, 0x59, 0x55, 0x45, 0x55, 0x55, 0x55, 0x55, 0x15, 0x55, 0x55, 0x55, 0x95, 0x45, 0x56, 0x55,
        0x55, 0x55, 0x59, 0x54, 0x55, 0x59, 0x55, 0x55, 0x55, 0x55, 0x45, 0x44, 0x55, 0x55, 0x55, 0x59,
        0x55, 0x55, 0x55, 0x65, 0x55, 0x55, 0x11, 0x51, 0x15, 0x55, 0x55, 0x55, 0x55, 0x55, 0x56, 0x55,
        0x54, 0x56, 0x55, 0x15, 0x55, 0x55, 0x56, 0x55, 0x54, 0x95, 0x55, 0x55, 0x55, 0x55, 0x55, 0x51,
        0x55, 0x99, 0x55, 0x55, 0x55, 0x59, 0x64, 0x45, 0x55, 0x55, 0x55, 0x65, 0x51, 0x45, 0x55, 0x55,
        0x55, 0x55, 0x55, 0x55, 0x95, 0x45, 0x95, 0x55, 0x55, 0x59, 0x95, 0x55, 0x55, 0x55, 0x65, 0x56,
        0x55, 0x55, 0x56, 0x55, 0x55, 0x15, 0x61, 0x51, 0x55, 0x56, 0x55, 0x15, 0x55, 0x56, 0x58, 0x59,
        0x50, 0x55, 0x55, 0x54, 0x66, 0x15, 0x55, 0x55, 0x55, 0x55, 0x45, 0x55, 0x45, 0x55, 0x94, 0x55,
        0x55, 0x55, 0x55, 0x55, 0x55, 0x55, 0x55, 0x15, 0x55, 0x55, 0x55, 0x55, 0x55, 0x55, 0x55, 0x55,
        0x55, 0x55, 0x65, 0x55, 0x65, 0x65, 0x55, 0x46, 0x45, 0x55, 0x55, 0x55, 0x59, 0x91, 0x65, 0x55,
        0x55, 0x55, 0x55, 0x55, 0x55, 0x55, 0x45, 0x55, 0x55, 0x45, 0x56, 0x55, 0x95, 0x56, 0x59, 0x55,
        0x59, 0x55, 0x55, 0x55, 0x45, 0x55, 0x55, 0x65, 0x56, 0x94, 0x55, 0x55, 0x55, 0x41, 0x55, 0x55,
        0x15, 0x55, 0x55, 0x55, 0x95, 0x55, 0x55, 0x55, 0x55, 0x55, 0x55, 0x65, 0x56, 0x51, 0x55, 0x55,
        0x55, 0x55, 0x55, 0x55, 0x55, 0x55, 0x55, 0x15, 0x95, 0x55, 0x55, 0x55, 0x55, 0x55, 0x55, 0x55,
        0x55, 0x55, 0x45, 0x55, 0xA5, 0x55, 0x65, 0x05, 0x55, 0x56, 0x95, 0x55, 0x45, 0x55, 0x41, 0x46,
        0x51, 0x55, 0x59, 0x56, 0x55, 0x54, 0x55, 0x55, 0x55, 0x55, 0x65, 0x55, 0x55, 0x55, 0x55, 0x55,
        0x55, 0x55, 0x55, 0x55, 0x95, 0x55, 0x55, 0x55, 0x54, 0x55, 0x55, 0x95, 0x55, 0x95, 0x55, 0x54,
        0x55, 0x55, 0x55, 0x11, 0x55, 0x55, 0x65, 0x55, 0x55, 0x54, 0x55, 0x95, 0x55, 0x55, 0x54, 0x55,
        0x95, 0x55, 0x55, 0x55, 0x55, 0x55, 0x55, 0x55, 0x55, 0x56, 0x15, 0x99, 0x55, 0x55, 0x55, 0x61,
        0x55, 0x55, 0x45, 0x55, 0x85, 0x55, 0x55, 0x68, 0x64, 0x55, 0x55, 0x55, 0x15, 0x45, 0x59, 0x55,
        0x55, 0x55, 0x55, 0x55, 0x95, 0x55, 0x55, 0x59, 0x56, 0x55, 0x55, 0x59, 0x55, 0x15, 0x55, 0x55,
        0x55, 0x55, 0x55, 0x55, 0x55, 0x95, 0x56, 0x55, 0x55, 0x55, 0x55, 0x54, 0x59, 0x55, 0x55, 0x55,
        0x55, 0x55, 0x55, 0x55, 0x55, 0x55, 0x55, 0x55, 0x55, 0x55, 0x45, 0x51, 0x55, 0x15, 0x95, 0x55,
        0x55, 0x65, 0x55, 0x99, 0x51, 0x54, 0x55, 0x55, 0x65, 0x95, 0x55, 0x55, 0x54, 0x55, 0x95, 0x45,
        0x92, 0x55, 0x54, 0x55, 0x59, 0x55, 0x55, 0x55, 0x95, 0x55, 0x55, 0x55, 0x55, 0x50, 0x55, 0x55,
        0x55, 0x55, 0x55, 0x55, 0x54, 0x55, 0x55, 0x55, 0x55, 0x15, 0x15, 0x95, 0x55, 0x55, 0x55, 0x55,
        0x55, 0x55, 0x19, 0x65, 0x56, 0x55, 0x55, 0x55, 0x55, 0x95, 0x51, 0x56, 0x95, 0x55, 0x19, 0x59,
        0x55, 0x59, 0x55, 0x55, 0x55, 0x59, 0x55, 0x56, 0x45, 0x95, 0x55, 0x55, 0x55, 0x55, 0x55, 0x55,
        0x59, 0x45, 0x55, 0x55, 0x55, 0x55, 0x55, 0x59, 0x94, 0x55, 0x59, 0x55, 0x55, 0x55, 0x55, 0x55,
        0x55, 0x25, 0x55, 0x55, 0x56, 0x55, 0x51, 0x55, 0x55, 0x55, 0x94, 0x55, 0x54, 0x45, 0x55, 0x56,
        0x51, 0x55, 0x55, 0x15, 0x55, 0x25, 0x55, 0x55, 0x15, 0x55, 0x55, 0x65, 0x65, 0x95, 0x55, 0x15,
        0x55, 0x55, 0x58, 0x55, 0x56, 0x59, 0x15, 0x55, 0x55, 0x54, 0x55, 0x55, 0x51, 0x55, 0x55, 0x45,
        0x55, 0x55, 0x95, 0x55, 0x55, 0x54, 0x51, 0x54, 0x51, 0x55, 0x59, 0x55, 0x55, 0x55, 0x55, 0x54,
        0x56, 0x55, 0x66, 0x55, 0x55, 0x55, 0x65, 0x55, 0x59, 0x55, 0x54, 0x45, 0x55, 0x55, 0x55, 0x55,
        0x52, 0x55, 0x55, 0x59, 0x55, 0x52, 0x55, 0x05, 0x55, 0x55, 0x45, 0x51, 0x55, 0x55, 0x55, 0x95,
        0x54, 0x55, 0x55, 0x51, 0x55, 0x55, 0x65, 0x95, 0x55, 0x55, 0x55, 0x95, 0x55, 0x95, 0x55, 0x55,
        0x65, 0x55, 0x55, 0x65, 0x55, 0x55, 0x55, 0x55, 0x55, 0x11, 0x55, 0x59, 0x15, 0x54, 0x55, 0x55,
        0x94, 0x55, 0x55, 0x55, 0x55, 0x45, 0x15, 0x54, 0x55, 0x55, 0x55, 0x66, 0x55, 0x56, 0x95, 0x14,
        0x55, 0x55, 0x55, 0x51, 0x55, 0x54, 0x15, 0x55, 0x95, 0x55, 0x55, 0x55, 0x55, 0x45, 0x65, 0x55,
        0x55, 0x55, 0x55, 0x55, 0x55, 0x69, 0x55, 0x55, 0x55, 0x16, 0x65, 0x55, 0x55, 0x55, 0x55, 0x55,
        0x55, 0x55, 0x95, 0x55, 0x55, 0x56, 0x55, 0x15, 0x55, 0x55, 0x65, 0x55, 0x54, 0x55, 0x55, 0x55,
        0x65, 0x55, 0x55, 0x55, 0x55, 0x41, 0x55, 0x55, 0x61, 0x54, 0x45, 0x55, 0x55, 0x55, 0x95, 0x55,
        0x55, 0x11, 0x55, 0x52, 0x55, 0x55, 0x55, 0x59, 0x55, 0x55, 0x55, 0x11, 0x55, 0x58, 0x55, 0x55,
        0x55, 0x55, 0x55, 0x55, 0x55, 0x55, 0x51, 0x15, 0x55, 0x55, 0x55, 0x55, 0x45, 0x55, 0x56, 0x55,
        0x65, 0x55, 0x14, 0x55, 0x55, 0x55, 0x45, 0x45, 0x55, 0x55, 0x15, 0x55, 0x45, 0x51, 0x16, 0x55,
        0x55, 0x55, 0x56, 0x55, 0x55, 0x55, 0x55, 0x51, 0x55, 0x55, 0x54, 0x51, 0x55, 0x55, 0x55, 0x55,
        0x55, 0x55, 0x55, 0x55, 0x55, 0x55, 0x59, 0x55, 0x55, 0x54, 0x54, 0x95, 0x55, 0x55, 0x55, 0x55,
        0x55, 0x59, 0x55, 0x55, 0x64, 0x55, 0x54, 0x55, 0x55, 0x66, 0x55, 0x59, 0x55, 0x56, 0x55, 0x45,
        0x55, 0x54, 0x56, 0x55, 0x55, 0x54, 0x55, 0x95, 0x55, 0x45, 0x45, 0x55, 0x55, 0x55, 0x55, 0x55,
        0x55, 0x59, 0x59, 0x55, 0x55, 0x55, 0x55, 0x55, 0x95, 0x51, 0x55, 0x56, 0x56, 0x55, 0x65, 0x55,
        0x55, 0x45, 0x95, 0x55, 0x55, 0x55, 0x95, 0x45, 0x55, 0x15, 0x55, 0x54, 0x55, 0x56, 0x55, 0x55,
        0x95, 0x55, 0x59, 0x55, 0x55, 0x59, 0x55, 0x55, 0x55, 0x55, 0x59, 0x51, 0x55, 0x55, 0x55, 0x55,
        0x55, 0x51, 0x59, 0x59, 0x55, 0x55, 0x45, 0x55, 0x55, 0x55, 0x54, 0x55, 0x59, 0x65, 0x55, 0x55,
        0x55, 0x55, 0x45, 0x55, 0x51, 0x95, 0x55, 0x55, 0x65, 0x41, 0x54, 0x55, 0x55, 0x55, 0x55, 0x55,
        0x55, 0x55, 0x55, 0x51, 0x56, 0x55, 0x55, 0x51, 0x55, 0x55, 0x55, 0x59, 0x56, 0x56, 0x45, 0x55,
        0x65, 0x65, 0x45, 0x15, 0x55, 0x55, 0x44, 0x25, 0x45, 0x55, 0x05, 0x55, 0x55, 0x59, 0x55, 0x55,
        0x55, 0x55, 0x55, 0x55, 0x55, 0x45, 0x55, 0x55, 0x95, 0x55, 0x65, 0x55, 0x45, 0x65, 0x55, 0x55,
        0x45, 0x55, 0x55, 0x55, 0x51, 0x55, 0x45, 0x51, 0x55, 0x15, 0x45, 0x15, 0x55, 0x15, 0x55, 0x55,
        0x55, 0x14, 0x55, 0x55, 0x55, 0x55, 0x55, 0x69, 0x69, 0x45, 0x55, 0x54, 0x55, 0x56, 0x55, 0x95,
        0x55, 0x15, 0x59, 0x45, 0x55, 0x64, 0x55, 0x55, 0x59, 0x55, 0x55, 0x55, 0x55, 0x55, 0x55, 0x45,
        0xA5, 0x55, 0x65, 0x55, 0x15, 0x65, 0x55, 0x59, 0x55, 0x55, 0x54, 0x65, 0x55, 0x45, 0x14, 0x55,
        0x55, 0x18, 0x55, 0x55, 0x55, 0x56, 0x55, 0x55, 0x55, 0x55, 0x55, 0x55, 0x55, 0x54, 0x56, 0x94,
        0x56, 0x55, 0x55, 0x55, 0x55, 0x52, 0x51, 0x54, 0x66, 0x44, 0x55, 0x52, 0x51, 0x65, 0x65, 0x55,
        0x55, 0xA5, 0x55, 0x55, 0x95, 0x55, 0x15, 0x45, 0x55, 0x11, 0x55, 0x55, 0x55, 0x55, 0xA5, 0x55,
        0x45, 0x55, 0x95, 0x55, 0x55, 0x55, 0x55, 0x15, 0x55, 0x55, 0x55, 0x55, 0x55, 0x55, 0x64, 0x56,
        0x55, 0x95, 0x55, 0x55, 0x55, 0x50, 0x55, 0x44, 0x55, 0x55, 0x55, 0x55, 0x55, 0x55, 0x55, 0x55,
        0x95, 0x55, 0x55, 0x55, 0x54, 0x55, 0x55, 0x55, 0x55, 0x55, 0x55, 0x55, 0x51, 0x55, 0x55, 0x46,
        0x55, 0x14, 0x55, 0x55, 0x65, 0x55, 0x44, 0x65, 0x56, 0x55, 0x55, 0x55, 0x65, 0x55, 0x55, 0x55,
        0x55, 0x55, 0x55, 0x55, 0x55, 0x55, 0x55, 0x56, 0x45, 0x55, 0x65, 0x55, 0x51, 0x59, 0x59, 0x55,
        0x55, 0x55, 0x55, 0x91, 0x90, 0x55, 0x55, 0x55, 0x55, 0x55, 0x54, 0x19, 0x94, 0x55, 0x92, 0x51,
        0x55, 0x56, 0x55, 0x55, 0x55, 0x55, 0x55, 0x56, 0x55, 0x59, 0x55, 0x55, 0x55, 0x55, 0x55, 0x51,
        0x55, 0x55, 0x55, 0x55, 0x55, 0x55, 0x55, 0x54, 0x55, 0x51, 0x55, 0x59, 0x55, 0x55, 0x55, 0x55,
        0x55, 0x55, 0x15, 0x55, 0x55, 0x55, 0x56, 0x55, 0x65, 0x59, 0x55, 0x55, 0x25, 0x55, 0x59, 0x55,
        0x55, 0x55, 0x55, 0x59, 0x55, 0x55, 0x55, 0x55, 0x59, 0x55, 0x55, 0x55, 0x55, 0x55, 0x05, 0x55,
    },
    {   /* SOL_SEEDS_DRAW3 */
        0x55, 0x45, 0x45, 0x55, 0x55, 0x55, 0x95, 0x54, 0x51, 0x68, 0x06, 0x55, 0x55, 0x96, 0x54, 0x55,
        0x55, 0x55, 0x55, 0x24, 0x15, 0x65, 0x55, 0x45, 0x55, 0x94, 0x66, 0x55, 0x91, 0x99, 0x55, 0x55,
        0x45, 0x05, 0x15, 0x55, 0xA4, 0x55, 0x14, 0x95, 0x25, 0x55, 0x99, 0x55, 0x54, 0x95, 0x64, 0x60,
        0x95, 0x15, 0x54, 0x55, 0x55, 0x55, 0x46, 0x51, 0x54, 0x69, 0x54, 0xA5, 0x65, 0x55, 0x55, 0x55,
        0x55, 0x51, 0x94, 0x15, 0x55, 0x55, 0x65, 0x55, 0x96, 0x55, 0x55, 0x15, 0x55, 0x91, 0x55, 0x15,
        0x50, 0x15, 0x55, 0x51, 0x55, 0x45, 0x51, 0x94, 0x55, 0x95, 0x90, 0x59, 0x56, 0x55, 0x55, 0x45,
        0x55, 0x55, 0x4A, 0x66, 0x59, 0x51, 0x64, 0x55, 0x86, 0x44, 0x45, 0x55, 0x65, 0x59, 0x65, 0x51,
        0x54, 0x55, 0x15, 0x54, 0x56, 0x05, 0x54, 0x95, 0x59, 0x59, 0x55, 0x59, 0x95, 0x5A, 0x61, 0x55,
        0x56, 0x16, 0x55, 0x44, 0x59, 0x55, 0x59, 0x55, 0x49, 0x45, 0x55, 0x51, 0x69, 0x55, 0x65, 0x91,
        0x55, 0x95, 0x55, 0x61, 0x52, 0x55, 0x61, 0x65, 0x95, 0x59, 0x55, 0x65, 0x55, 0x54, 0x56, 0x59,
        0x55, 0x65, 0x55, 0x65, 0x11, 0x51, 0x45, 0x54, 0x26, 0x45, 0x95, 0x15, 0x54, 0x51, 0x55, 0x55,
        0x61, 0x55, 0x55, 0x25, 0x15, 0x45, 0x56, 0x65, 0x56, 0x95, 0x54, 0x49, 0x55, 0x45, 0x25, 0x55,
        0x55, 0x15, 0x45, 0x56, 0x55, 0x55, 0x65, 0x56, 0x65, 0x65, 0x55, 0x66, 0x81, 0x96, 0x56, 0x25,
        0x1A, 0x85, 0x55, 0x55, 0x54, 0x55, 0x55, 0x45, 0x55, 0x55, 0x65, 0x55, 0x15, 0x55, 0x91, 0x55,
        0x55, 0x55, 0x45, 0x15, 0x55, 0x69, 0x49, 0x54, 0x55, 0x99, 0x15, 0x55, 0x55, 0x54, 0x59, 0x59,
        0x55, 0x55, 0x25, 0x55, 0x51, 0x59, 0x61, 0x55, 0x55, 0x05, 0x50, 0x85, 0x55, 0x15, 0x9A, 0x25,
        0x50, 0x55, 0x55, 0x58, 0x41, 0x55, 0x65, 0x59, 0x55, 0x66, 0x15, 0x41, 0x55, 0x69, 0x55, 0x05,
        0x46, 0x95, 0x15, 0x56, 0x95, 0x41, 0x95, 0x51, 0x05, 0x55, 0x65, 0x55, 0x99, 0x65, 0x45, 0x59,
        0x55, 0x55, 0x96, 0x54, 0x55, 0x15, 0x44, 0x56, 0x55, 0x14, 0x25, 0x54, 0x15, 0x55, 0x10, 0x99,
        0x55, 0x56, 0x95, 0x61, 0x44, 0x55, 0x45, 0x55, 0x55, 0x50, 0xA5, 0x55, 0x54, 0x15, 0x64, 0x65,
        0x95, 0x15, 0x55, 0x55, 0x56, 0x55, 0x50, 0x58, 0x19, 0x55, 0x64, 0x55, 0x61, 0x45, 0x55, 0x55,
        0x51, 0x54, 0x05, 0x59, 0x55, 0x45, 0x45, 0x91, 0x51, 0x5A, 0x55, 0x55, 0x59, 0x94, 0x54, 0x50,
        0x59, 0x46, 0x56, 0x49, 0x65, 0x55, 0xA5, 0x44, 0x45, 0x55, 0x55, 0x15, 0x55, 0x45, 0x55, 0x45,
        0x59, 0x55, 0x65, 0x59, 0x41, 0x55, 0x55, 0x55, 0x55, 0x51, 0x54, 0x55, 0x14, 0x15, 0x15, 0x55,
        0x56, 0x56, 0x51, 0x55, 0x45, 0x55, 0x59, 0x15, 0x55, 0x55, 0x55, 0x55, 0x59, 0x61, 0x55, 0x55,
        0x52, 0x95, 0x59, 0x46, 0x55, 0x55, 0x26, 0x5A, 0x55, 0x55, 0x5A, 0x54, 0x45, 0x59, 0x55, 0x96,
        0x45, 0x55, 0x16, 0x94, 0x52, 0x55, 0x94, 0x51, 0x69, 0x55, 0x69, 0x55, 0x54, 0x95, 0x44, 0x44,
        0x54, 0x45, 0x95, 0x49, 0x51, 0x55, 0x55, 0x55, 0x59, 0x45, 0x55, 0x51, 0x51, 0x55, 0x85, 0x55,
        0x59, 0x55, 0x61, 0x58, 0x45, 0x19, 0x5A, 0x55, 0x55, 0x55, 0x55, 0x55, 0x55, 0x51, 0x95, 0x56,
        0x55, 0x59, 0x15, 0x55, 0x16, 0x55, 0x56, 0x45, 0x94, 0x54, 0x56, 0x09, 0x56, 0x15, 0x14, 0x46,
        0x52, 0x16, 0x16, 0x55, 0x55, 0x58, 0x51, 0x64, 0x15, 0x66, 0x56, 0x44, 0x55, 0x95, 0x54, 0x55,
        0x56, 0x55, 0x55, 0xA5, 0x16, 0x55, 0x55, 0x59, 0x55, 0x54, 0x16, 0x56, 0x51, 0x09, 0x51, 0x11,
        0x45, 0x51, 0x45, 0x55, 0x85, 0x49, 0x52, 0x55, 0x45, 0x16, 0x5A, 0x95, 0x55, 0x95, 0x51, 0x55,
        0x15, 0xA5, 0x65, 0x51, 0x49, 0x95, 0x55, 0x55, 0x55, 0x50, 0x95, 0x55, 0x59, 0x55, 0x64, 0x45,
        0x54, 0x15, 0x15, 0x55, 0x59, 0x54, 0x59, 0x15, 0x55, 0x59, 0x55, 0x55, 0x55, 0x55, 0x99, 0x45,
        0x05, 0x51, 0x55, 0x55, 0x95, 0x55, 0x55, 0x55, 0x95, 0x19, 0x95, 0x05, 0x55, 0x95, 0x65, 0x15,
        0x52, 0x19, 0x15, 0x58, 0x56, 0x15, 0x16, 0x55, 0x25, 0x56, 0x55, 0x55, 0x95, 0x15, 0x65, 0x55,
        0x25, 0x55, 0x15, 0x54, 0x56, 0x55, 0x51, 0x15, 0x45, 0xA4, 0x44, 0x55, 0x55, 0x46, 0x54, 0x59,
        0x55, 0x55, 0x55, 0x45, 0x59, 0x15, 0x55, 0x55, 0x15, 0x65, 0x55, 0x56, 0x55, 0x94, 0x55, 0x15,
        0x15, 0x66, 0x58, 0x58, 0x45, 0x55, 0x15, 0x5A, 0x65, 0x51, 0x45, 0x55, 0x55, 0x15, 0x56, 0x56,
        0x55, 0x51, 0x52, 0x65, 0x95, 0x55, 0x06, 0x54, 0x55, 0x26, 0x55, 0x15, 0x55, 0x55, 0x55, 0x55,
        0x55, 0x51, 0x16, 0x55, 0x45, 0x56, 0x55, 0x55, 0x55, 0x54, 0x58, 0x59, 0x55, 0x59, 0x15, 0x54,
        0x95, 0x55, 0x52, 0x55, 0x55, 0x19, 0x55, 0x59, 0x56, 0x55, 0x45, 0x05, 0x55, 0x64, 0x15, 0x95,
        0x45, 0x94, 0x55, 0x65, 0x85, 0x95, 0x95, 0x59, 0x55, 0x55, 0x55, 0x56, 0x55, 0x44, 0x55, 0x54,
        0x51, 0x66, 0x54, 0x55, 0x95, 0x5A, 0x55, 0x55, 0x15, 0x95, 0x55, 0x11, 0x55, 0x11, 0x14, 0x55,
        0x99, 0x55, 0x54, 0x59, 0x91, 0x55, 0x61, 0x49, 0x55, 0x56, 0x59, 0x51, 0x59, 0x55, 0x55, 0x65,
        0x44, 0x59, 0x55, 0x55, 0x65, 0x15, 0x55, 0x85, 0x65, 0x55, 0x15, 0x55, 0x45, 0x55, 0x45, 0x95,
        0x45, 0x69, 0x55, 0x55, 0x45, 0x49, 0x95, 0x16, 0x55, 0x54, 0x14, 0x59, 0x55, 0x05, 0x59, 0x41,
        0x45, 0x45, 0x59, 0x55, 0x56, 0x62, 0x16, 0x56, 0x55, 0x55, 0x55, 0x95, 0x45, 0x55, 0x55, 0x50,
        0x45, 0x55, 0x55, 0x95, 0x51, 0x51, 0x59, 0x55, 0x56, 0x55, 0x55, 0x55, 0x95, 0x59, 0x59, 0x55,
        0x45, 0x15, 0x50, 0x16, 0x55, 0x55, 0x59, 0x15, 0x51, 0x55, 0x55, 0x51, 0x49, 0x65, 0x56, 0x55,
        0x95, 0x65, 0x96, 0x54, 0x54, 0x5A, 0x15, 0x55, 0x14, 0x55, 0x94, 0x65, 0x45, 0x54, 0x65, 0x55,
        0x50, 0x55, 0x64, 0x55, 0x54, 0x1A, 0x55, 0x65, 0x55, 0x55, 0x65, 0x54, 0x45, 0x65, 0x45, 0x05,
        0x55, 0x55, 0x94, 0x55, 0x59, 0x51, 0x55, 0x85, 0x95, 0x95, 0x55, 0x15, 0x51, 0x96, 0x69, 0x95,
        0x55, 0x55, 0x11, 0x45, 0x55, 0xA9, 0x55, 0x59, 0x46, 0x55, 0x95, 0x56, 0x54, 0x55, 0x55, 0x55,
        0x55, 0x55, 0x49, 0x55, 0xA6, 0x14, 0x40, 0x51, 0x49, 0x56, 0x55, 0x55, 0x55, 0x55, 0x56, 0x55,
        0x51, 0x51, 0x64, 0x45, 0x55, 0x29, 0x55, 0x56, 0x65, 0x56, 0x51, 0x55, 0x55, 0x55, 0x15, 0x94,
        0x55, 0x95, 0x55, 0x96, 0x55, 0x95, 0x94, 0x54, 0x51, 0x54, 0x84, 0x45, 0x59, 0x54, 0x59, 0x55,
        0x64, 0x45, 0x55, 0x65, 0x45, 0x55, 0x51, 0x55, 0x55, 0x49, 0x91, 0x51, 0x51, 0x55, 0x51, 0x55,
        0x99, 0x51, 0x95, 0x56, 0x65, 0x65, 0x55, 0x55, 0x94, 0x45, 0x55, 0x55, 0x51, 0x29, 0x59, 0x45,
        0x46, 0x55, 0x50, 0x54, 0x55, 0x55, 0x54, 0x55, 0x45, 0x55, 0x54, 0x44, 0x55, 0x15, 0x55, 0x65,
        0x55, 0x15, 0x59, 0x50, 0x55, 0x51, 0x95, 0x56, 0x55, 0x05, 0x55, 0x95, 0x69, 0x44, 0x55, 0x99,
        0x55, 0x54, 0x55, 0x51, 0x44, 0x55, 0x94, 0xA5, 0x15, 0x45, 0x55, 0x45, 0x59, 0x55, 0x15, 0x05,
        0x55, 0x94, 0x55, 0x92, 0x54, 0x65, 0x55, 0x55, 0x61, 0x45, 0x15, 0x51, 0x55, 0x54, 0x54, 0x95,
        0x54, 0x55, 0x55, 0x45, 0x95, 0x45, 0x51, 0x55, 0x11, 0x15, 0x55, 0x99, 0x51, 0x65, 0x55, 0x41,
        0x54, 0x59, 0x45, 0x45, 0x15, 0x19, 0x40, 0x55, 0x55, 0x55, 0x55, 0x65, 0x55, 0x15, 0x60, 0x59,
        0x56, 0x15, 0x69, 0x45, 0x51, 0x84, 0x66, 0x46, 0x54, 0x55, 0x6A, 0x91, 0x15, 0x15, 0x55, 0x95,
        0x05, 0x55, 0x55, 0x10, 0x54, 0x55, 0x55, 0x15, 0x65, 0x15, 0x44, 0x55, 0x19, 0x55, 0x45, 0x55,
        0x51, 0x55, 0x45, 0x51, 0x55, 0x15, 0x14, 0x65, 0x65, 0x55, 0x54, 0x11, 0x66, 0x55, 0x55, 0x15,
        0x46, 0x50, 0x05, 0x56, 0x54, 0x54, 0x19, 0x55, 0x45, 0x55, 0x05, 0x55, 0x55, 0x55, 0x59, 0x64,
        0x14, 0x15, 0x59, 0x55, 0x50, 0x55, 0x52, 0x55, 0x54, 0x54, 0x55, 0x54, 0x55, 0x51, 0x45, 0x55,
        0x95, 0x11, 0x55, 0x95, 0x55, 0x55, 0x55, 0x56, 0x19, 0x55, 0x55, 0x54, 0x45, 0x55, 0x55, 0x54,
        0x15, 0x55, 0x56, 0x55, 0x59, 0x51, 0x55, 0x4A, 0x55, 0x16, 0x59, 0x55, 0x65, 0x51, 0x95, 0x15,
        0x55, 0x54, 0x46, 0x51, 0x55, 0x15, 0x12, 0x59, 0x55, 0x55, 0x45, 0x55, 0x45, 0x55, 0x58, 0x55,
        0x85, 0x55, 0x45, 0x44, 0x55, 0x54, 0x55, 0x55, 0x15, 0x11, 0x59, 0x91, 0x65, 0x54, 0x59, 0x25,
        0x55, 0x15, 0x54, 0x51, 0x61, 0x64, 0x58, 0xA5, 0x56, 0x59, 0x65, 0x16, 0x56, 0x15, 0x55, 0x55,
        0x55, 0x51, 0x55, 0x55, 0x52, 0x65, 0x45, 0x55, 0x55, 0x54, 0x55, 0x55, 0x15, 0xA5, 0x49, 0x55,
        0x54, 0x16, 0x54, 0x56, 0x55, 0x51, 0x55, 0x51, 0x66, 0x56, 0x15, 0x45, 0x45, 0x56, 0x55, 0x55,
        0x69, 0x55, 0x64, 0x56, 0x55, 0x85, 0x85, 0x55, 0x55, 0x45, 0x55, 0x95, 0x46, 0x85, 0x55, 0x55,
        0x55, 0xA1, 0x95, 0x54, 0x55, 0x09, 0x95, 0x56, 0x50, 0x66, 0x59, 0x55, 0x55, 0x65, 0x55, 0x65,
        0x55, 0x5A, 0x45, 0x55, 0x55, 0x69, 0x52, 0x55, 0x59, 0x59, 0x09, 0x54, 0x55, 0x55, 0x55, 0x51,
        0x49, 0x55, 0x65, 0x55, 0x50, 0x55, 0x95, 0x15, 0x15, 0x55, 0x51, 0x55, 0x55, 0x55, 0x55, 0x66,
        0x59, 0x55, 0x55, 0x55, 0x45, 0x54, 0x55, 0x55, 0x85, 0x28, 0x59, 0x55, 0x55, 0x55, 0x46, 0x05,
        0x15, 0x15, 0x45, 0x59, 0x55, 0x41, 0x55, 0x55, 0x55, 0x55, 0x15, 0x55, 0x51, 0x59, 0x54, 0x15,
        0x56, 0x55, 0x55, 0x55, 0x55, 0x51, 0x59, 0x95, 0x16, 0x50, 0x55, 0x59, 0x55, 0x95, 0x56, 0x65,
        0x56, 0x65, 0x55, 0x55, 0x91, 0x95, 0x55, 0x95, 0x59, 0x69, 0x95, 0x54, 0x55, 0x55, 0x95, 0x45,
        0x41, 0x55, 0x55, 0x55, 0x55, 0x55, 0x55, 0x69, 0x15, 0x55, 0x55, 0x52, 0x91, 0x55, 0x59, 0x55,
        0x44, 0x95, 0x49, 0x45, 0x51, 0x95, 0x45, 0x56, 0x85, 0x15, 0x40, 0x45, 0x65, 0x56, 0x58, 0x49,
        0x15, 0x55, 0x51, 0x55, 0x15, 0x54, 0x69, 0x54, 0x55, 0x56, 0x51, 0x65, 0x55, 0x55, 0x51, 0x45,
        0x65, 0x45, 0x55, 0x55, 0x55, 0x45, 0x65, 0x19, 0x64, 0x09, 0x55, 0x51, 0x15, 0x54, 0x55, 0x99,
        0x55, 0x55, 0x51, 0x58, 0x51, 0x55, 0x55, 0x55, 0x51, 0x69, 0x95, 0x46, 0x56, 0x46, 0x45, 0x55,
        0x55, 0x55, 0x64, 0x59, 0x65, 0x55, 0x16, 0x85, 0x56, 0x59, 0x55, 0x54, 0x45, 0x54, 0x51, 0x55,
        0x51, 0x55, 0x19, 0x52, 0x15, 0x55, 0x55, 0x66, 0x59, 0x55, 0x55, 0x51, 0x55, 0x55, 0x55, 0x51,
        0x11, 0x55, 0x51, 0x56, 0x59, 0x65, 0x45, 0x51, 0x55, 0x55, 0x91, 0x41, 0x55, 0xA1, 0x55, 0x55,
        0x55, 0x95, 0x55, 0x55, 0x50, 0x16, 0x65, 0x15, 0x45, 0x55, 0x95, 0x55, 0x55, 0x55, 0x64, 0x55,
        0x55, 0x55, 0x55, 0x45, 0x55, 0x55, 0x55, 0x45, 0x55, 0x54, 0x85, 0x55, 0x65, 0x89, 0x55, 0x41,
        0x59, 0x45, 0x54, 0x55, 0x95, 0x55, 0x55, 0x55, 0x55, 0x55, 0x91, 0x91, 0x55, 0x51, 0x54, 0x15,
        0x55, 0x26, 0x55, 0x55, 0x86, 0x54, 0x55, 0x55, 0x55, 0x51, 0x55, 0x44, 0x55, 0x96, 0x16, 0x51,
        0x55, 0x55, 0x51, 0x15, 0x51, 0x54, 0x56, 0x54, 0x04, 0x55, 0x50, 0x45, 0x45, 0x55, 0x54, 0x51,
        0x65, 0x62, 0x15, 0xA1, 0x55, 0x55, 0x91, 0x15, 0x55, 0x55, 0x65, 0x64, 0x59, 0x45, 0x45, 0x55,
        0x55, 0x15, 0x55, 0x55, 0x56, 0x55, 0x65, 0x55, 0x19, 0x45, 0xA5, 0x55, 0x55, 0x55, 0x55, 0x66,
        0x55, 0x59, 0x55, 0x45, 0x15, 0x55, 0x65, 0x95, 0x55, 0x55, 0x59, 0x14, 0x65, 0x15, 0x55, 0x55,
        0x15, 0x54, 0x40, 0x41, 0x59, 0x59, 0x55, 0x55, 0x15, 0x55, 0x55, 0x45, 0x55, 0x69, 0x55, 0x54,
        0x95, 0x56, 0x55, 0x15, 0x14, 0x45, 0x15, 0x56, 0x59, 0x51, 0x56, 0x94, 0x56, 0x95, 0x55, 0x59,
        0x15, 0x51, 0x61, 0x55, 0x49, 0x45, 0x11, 0x15, 0x15, 0x55, 0x44, 0x55, 0x55, 0x91, 0x55, 0x55,
        0x65, 0x55, 0x55, 0x54, 0x55, 0x21, 0x16, 0x99, 0x59, 0x55, 0x55, 0x55, 0x55, 0x15, 0x55, 0x95,
        0x59, 0x56, 0x62, 0x51, 0x55, 0x15, 0x55, 0x64, 0x65, 0x65, 0xA5, 0x45, 0x45, 0x59, 0x89, 0x55,
        0x94, 0x55, 0x95, 0x91, 0x15, 0x15, 0x15, 0x56, 0x69, 0x55, 0x55, 0x55, 0x55, 0x55, 0x15, 0x51,
        0x55, 0x55, 0x24, 0x45, 0x54, 0x95, 0x55, 0x45, 0x59, 0x44, 0x55, 0x45, 0x91, 0x59, 0x55, 0x55,
        0x55, 0x44, 0x41, 0x55, 0x16, 0x55, 0x55, 0x55, 0x15, 0x14, 0x45, 0x95, 0x15, 0x65, 0x65, 0x45,
        0x55, 0x99, 0x55, 0x85, 0x15, 0x55, 0x55, 0xA5, 0x54, 0x16, 0x55, 0x55, 0x55, 0x50, 0x45, 0x52,
        0x14, 0x54, 0x55, 0x55, 0x52, 0x55, 0x56, 0x54, 0x56, 0x51, 0x56, 0x95, 0x55, 0x65, 0x41, 0x84,
        0x55, 0x56, 0x95, 0x55, 0x45, 0x55, 0x45, 0x15, 0x5A, 0x59, 0x50, 0x95, 0x55, 0x54, 0x55, 0x56,
        0x95, 0x95, 0x55, 0x59, 0x25, 0x15, 0x55, 0x55, 0x55, 0x55, 0x55, 0x15, 0x55, 0x95, 0x59, 0x59,
        0x59, 0x15, 0x91, 0x96, 0x55, 0x55, 0x51, 0x55, 0x44, 0x55, 0x55, 0x11, 0x95, 0x65, 0x94, 0x45,
        0x55, 0x54, 0x41, 0x16, 0x54, 0x56, 0x55, 0x69, 0x55, 0x55, 0x55, 0x55, 0x95, 0x15, 0x56, 0x51,
        0x55, 0x50, 0x55, 0x55, 0x54, 0x64, 0x45, 0x55, 0x65, 0x55, 0x54, 0x11, 0x45, 0x54, 0x55, 0x54,
        0x59, 0x44, 0x54, 0x56, 0x98, 0x55, 0x55, 0x15, 0x55, 0x45, 0x45, 0x55, 0x44, 0x94, 0x14, 0x56,
        0x54, 0x55, 0x95, 0x55, 0x55, 0x51, 0x55, 0x46, 0x96, 0x16, 0x65, 0x56, 0x55, 0x55, 0x55, 0x50,
        0x55, 0x52, 0x95, 0x56, 0x65, 0x55, 0x55, 0x54, 0x95, 0x46, 0x55, 0x49, 0x95, 0x95, 0x55, 0x55,
        0x95, 0x56, 0x55, 0x65, 0x55, 0x55, 0x54, 0x56, 0x99, 0x95, 0x55, 0x55, 0x55, 0x55, 0x55, 0x55,
        0x54, 0x55, 0x55, 0x95, 0x55, 0x55, 0x55, 0x51, 0x55, 0x16, 0x55, 0x16, 0x05, 0x55, 0x56, 0x55,
        0x95, 0x51, 0x55, 0x54, 0x16, 0x5A, 0x64, 0x45, 0x55, 0x59, 0x55, 0x54, 0x55, 0x55, 0x55, 0x55,
        0x55, 0x19, 0x45, 0x56, 0x55, 0x55, 0x95, 0x99, 0x14, 0x66, 0x55, 0x55, 0x65, 0x55, 0x55, 0x58,
        0x94, 0x54, 0x45, 0x95, 0x55, 0x59, 0x65, 0x55, 0x55, 0x15, 0x56, 0x55, 0x55, 0x99, 0x55, 0x55,
        0x55, 0x54, 0x55, 0x55, 0x95, 0x45, 0x02, 0x55, 0x55, 0x65, 0x55, 0x55, 0x11, 0x65, 0x91, 0x55,
        0x51, 0x15, 0x41, 0x59, 0x55, 0x52, 0x55, 0x55, 0x16, 0x14, 0x15, 0x24, 0x55, 0x19, 0x55, 0x55,
        0x19, 0x65, 0x61, 0x5A, 0x59, 0x56, 0x56, 0x51, 0x59, 0x54, 0x55, 0x51, 0x14, 0x55, 0x55, 0x99,
        0x55, 0x55, 0x14, 0x55, 0x59, 0x49, 0x55, 0x55, 0x55, 0x55, 0x55, 0x55, 0x45, 0x95, 0x15, 0x55,
        0x55, 0x15, 0x45, 0x85, 0x56, 0x55, 0x55, 0x59, 0x51, 0x55, 0x51, 0x51, 0xA5, 0x65, 0x55, 0x44,
        0x95, 0x95, 0x95, 0x96, 0x46, 0x59, 0x49, 0x59, 0x55, 0x48, 0x51, 0x62, 0x56, 0x48, 0x52, 0x55,
        0x45, 0x15, 0x14, 0xA4, 0x51, 0x46, 0x5A, 0x45, 0x51, 0x90, 0x56, 0x55, 0x55, 0x15, 0x55, 0x99,
        0x54, 0x51, 0xAA, 0x5A, 0x55, 0x45, 0x54, 0x95, 0x55, 0x99, 0x51, 0x55, 0x50, 0x54, 0x96, 0x55,
        0x88, 0x54, 0x55, 0x55, 0x55, 0x55, 0x55, 0x55, 0x55, 0x66, 0x65, 0x55, 0x05, 0x55, 0x55, 0x90,
        0x15, 0x96, 0x51, 0x21, 0x55, 0x55, 0x56, 0x15, 0x19, 0x55, 0x96, 0x54, 0x59, 0x54, 0x65, 0x54,
        0x45, 0x55, 0x55, 0x55, 0x85, 0x55, 0x50, 0x54, 0x55, 0x91, 0x51, 0x55, 0x15, 0x51, 0x55, 0x59,
        0x45, 0x59, 0x55, 0x55, 0x56, 0x54, 0x05, 0x54, 0x95, 0x56, 0x45, 0x51, 0x51, 0x15, 0x95, 0x54,
        0x49, 0x45, 0x55, 0x55, 0x55, 0x55, 0x59, 0x44, 0x91, 0x55, 0x54, 0x45, 0x55, 0x55, 0x04, 0x55,
        0x55, 0x66, 0x55, 0x16, 0x55, 0x44, 0x66, 0x56, 0x55, 0x59, 0x94, 0x51, 0x55, 0x15, 0x52, 0x50,
        0x55, 0x55, 0x61, 0x55, 0x55, 0x55, 0x15, 0x55, 0x55, 0x55, 0x58, 0x56, 0x50, 0x55, 0x55, 0x55,
        0x55, 0x85, 0x54, 0x55, 0x55, 0x15, 0x55, 0x96, 0x54, 0x59, 0x89, 0x65, 0x64, 0x45, 0x45, 0x55,
        0x55, 0x55, 0x55, 0x56, 0x55, 0x55, 0x51, 0x40, 0x45, 0x56, 0x65, 0x58, 0x44, 0x51, 0x54, 0x15,
        0x55, 0x55, 0x95, 0x95, 0x54, 0x55, 0x54, 0x85, 0x54, 0x40, 0x69, 0x55, 0x55, 0x85, 0x59, 0x91,
        0x99, 0x56, 0x55, 0x55, 0x94, 0x55, 0x55, 0x55, 0x91, 0x46, 0x65, 0x55, 0x55, 0x55, 0x51, 0x55,
        0x55, 0x99, 0x91, 0x55, 0x54, 0x55, 0x95, 0x56, 0x55, 0x14, 0x55, 0x55, 0x46, 0x55, 0x55, 0x55,
        0x65, 0x55, 0x55, 0x45, 0x95, 0x15, 0x69, 0x46, 0x55, 0x55, 0x65, 0x55, 0x55, 0x45, 0x55, 0x95,
        0x15, 0x55, 0x99, 0x56, 0x05, 0x25, 0x55, 0x46, 0x95, 0x54, 0x65, 0x95, 0x55, 0x66, 0x59, 0x56,
        0x55, 0x52, 0x55, 0x51, 0x15, 0xA8, 0x45, 0x51, 0x55, 0x14, 0x69, 0x55, 0x65, 0x64, 0x19, 0x45,
        0x15, 0x95, 0x55, 0x95, 0x45, 0x50, 0x45, 0x55, 0x55, 0x15, 0x51, 0x54, 0x66, 0x05, 0x55, 0x45,
        0x65, 0x95, 0x59, 0x55, 0x55, 0x14, 0x14, 0x91, 0x59, 0x55, 0x55, 0x55, 0x55, 0x54, 0x55, 0x55,
        0x55, 0x55, 0x50, 0x54, 0x55, 0x56, 0x16, 0x95, 0x45, 0x55, 0x55, 0x56, 0x54, 0x55, 0x55, 0x55,
        0x65, 0x55, 0x55, 0x50, 0x59, 0x55, 0x15, 0x55, 0x44, 0x55, 0x15, 0x55, 0x16, 0x65, 0x59, 0x54,
        0x55, 0x55, 0x55, 0x55, 0xA0, 0x16, 0x41, 0x66, 0x55, 0x55, 0x65, 0x46, 0x55, 0x56, 0x45, 0x15,
        0x65, 0x55, 0x54, 0x55, 0x95, 0x15, 0x95, 0x55, 0x55, 0x95, 0x55, 0x14, 0x65, 0x81, 0x65, 0x45,
        0x65, 0x91, 0x91, 0x55, 0x55, 0x55, 0x55, 0x05, 0x55, 0x95, 0x55, 0x59, 0x55, 0x14, 0x55, 0x96,
        0x55, 0x55, 0x50, 0x14, 0x65, 0x49, 0x55, 0x69, 0xA5, 0x54, 0x55, 0x15, 0x55, 0x55, 0x59, 0x51,
        0x16, 0x95, 0x15, 0x91, 0x59, 0x55, 0x65, 0x55, 0x65, 0xA5, 0x59, 0x14, 0x55, 0x56, 0x55, 0x55,
        0x55, 0x40, 0x96, 0x14, 0x45, 0x55, 0x55, 0x45, 0x44, 0x55, 0x9A, 0x55, 0x55, 0x14, 0x65, 0x56,
        0x95, 0x65, 0x56, 0x46, 0x55, 0x55, 0x54, 0x55, 0x45, 0x55, 0x55, 0x41, 0x15, 0x55, 0x55, 0x45,
        0x59, 0x55, 0x55, 0x55, 0x45, 0x69, 0x55, 0x65, 0x55, 0xA5, 0x52, 0x66, 0x51, 0x55, 0x59, 0x55,
        0x55, 0x56, 0x51, 0x95, 0x55, 0x55, 0x51, 0x95, 0x05, 0x59, 0x55, 0x54, 0x51, 0x54, 0x55, 0x55,
        0x55, 0x55, 0x45, 0x55, 0x55, 0x56, 0x55, 0x59, 0x5A, 0x16, 0x55, 0x45, 0x50, 0x91, 0x5A, 0x55,
        0x51, 0x59, 0x55, 0x55, 0x95, 0x58, 0x55, 0x61, 0x54, 0x51, 0x55, 0x55, 0x59, 0x86, 0x55, 0x19,
        0x55, 0x60, 0x85, 0x45, 0x56, 0x54, 0x55, 0x56, 0x65, 0x54, 0x51, 0x54, 0x15, 0x94, 0x55, 0x55,
        0x55, 0x56, 0x59, 0x56, 0x56, 0x15, 0x51, 0x56, 0x65, 0x62, 0x15, 0x55, 0x56, 0x59, 0x54, 0x45,
        0x95, 0x91, 0x65, 0x55, 0x95, 0x54, 0x50, 0x11, 0x95, 0x59, 0x55, 0x65, 0x15, 0x59, 0x95, 0x55,
        0x55, 0x55, 0x05, 0x55, 0x45, 0x45, 0x55, 0x56, 0x55, 0x45, 0x55, 0x45, 0x55, 0x04, 0x54, 0x55,
        0x56, 0x55, 0x59, 0x56, 0x56, 0x55, 0x15, 0x55, 0x45, 0x56, 0x56, 0x52, 0x55, 0x16, 0x24, 0x44,
        0x55, 0x45, 0x55, 0x41, 0x94, 0x55, 0x51, 0x55, 0x50, 0x59, 0x55, 0x46, 0x15, 0x55, 0x55, 0x55,
        0x61, 0x95, 0x51, 0x51, 0x65, 0x55, 0x44, 0x54, 0x55, 0x55, 0x55, 0x51, 0x51, 0x5A, 0x55, 0x56,
        0x15, 0x05, 0x55, 0x55, 0x55, 0x55, 0x55, 0x55, 0x5A, 0x54, 0x45, 0x51, 0x95, 0x56, 0x54, 0x55,
        0x60, 0x15, 0x24, 0x55, 0x05, 0x55, 0x55, 0x55, 0x55, 0x54, 0x18, 0x19, 0x51, 0x95, 0x15, 0x55,
        0x15, 0x55, 0x45, 0x55, 0x50, 0x55, 0x55, 0x59, 0x55, 0x55, 0x14, 0x66, 0x55, 0x51, 0x55, 0x15,
        0x56, 0x11, 0x45, 0x45, 0x44, 0x65, 0x56, 0x55, 0x65, 0x95, 0x59, 0x61, 0x55, 0x58, 0x51, 0x55,
        0x95, 0x51, 0x55, 0x45, 0x95, 0x55, 0x56, 0x55, 0x55, 0x65, 0x55, 0x95, 0x16, 0x50, 0x65, 0x55,
        0x95, 0x14, 0x55, 0x10, 0x54, 0x91, 0x55, 0x55, 0x15, 0x52, 0x56, 0x55, 0x51, 0x51, 0x51, 0x65,
        0x44, 0x51, 0x65, 0x55, 0x55, 0x55, 0x45, 0x95, 0x55, 0x55, 0x55, 0x94, 0x59, 0x15, 0x54, 0x56,
        0x15, 0x91, 0x55, 0x55, 0x95, 0x94, 0x55, 0x55, 0x15, 0xA5, 0x69, 0x99, 0x45, 0x92, 0x5A, 0x55,
        0xA5, 0x95, 0x45, 0x55, 0x55, 0x65, 0x56, 0x55, 0x65, 0x59, 0xA5, 0x55, 0x91, 0x14, 0x55, 0x98,
        0x55, 0x56, 0x15, 0x51, 0x55, 0x69, 0x55, 0xA5, 0x51, 0x55, 0x55, 0x55, 0x44, 0x50, 0x51, 0x99,
        0x66, 0x55, 0x55, 0x65, 0x59, 0x06, 0x59, 0x45, 0x51, 0x55, 0x55, 0x55, 0x65, 0x41, 0x45, 0x65,
        0x55, 0x56, 0x59, 0x64, 0x54, 0x55, 0x59, 0x55, 0x55, 0x54, 0x55, 0x55, 0x85, 0x58, 0x45, 0x55,
        0x55, 0x55, 0x55, 0x52, 0x51, 0x51, 0x56, 0x54, 0x91, 0x94, 0x55, 0x54, 0x55, 0x55, 0x56, 0x55,
        0x49, 0x51, 0x64, 0x55, 0xA5, 0x55, 0x55, 0x59, 0x54, 0x65, 0x05, 0x94, 0x45, 0x55, 0x55, 0x51,
        0x55, 0x59, 0x45, 0x55, 0x45, 0x15, 0x55, 0x55, 0x59, 0x55, 0x15, 0x55, 0x99, 0x55, 0x55, 0x55,
        0x55, 0x51, 0x55, 0x55, 0x69, 0x15, 0x55, 0x45, 0x54, 0x15, 0x15, 0x56, 0x55, 0x59, 0x55, 0x69,
        0x55, 0x54, 0x54, 0x55, 0x55, 0x95, 0x05, 0x54, 0x15, 0x45, 0x46, 0x59, 0x94, 0x55, 0x85, 0x45,
        0x19, 0x55, 0x56, 0x48, 0x51, 0x51, 0x95, 0x55, 0x55, 0x51, 0x56, 0x55, 0x44, 0x55, 0x55, 0x54,
        0x95, 0x55, 0x95, 0x55, 0x11, 0x55, 0x55, 0x95, 0x54, 0x15, 0x95, 0x55, 0x50, 0x11, 0x55, 0x55,
        0x58, 0x54, 0x51, 0x50, 0x55, 0x69, 0x55, 0x65, 0x51, 0x55, 0x49, 0x45, 0x55, 0x96, 0x65, 0x91,
        0x55, 0x19, 0x55, 0x55, 0x55, 0x55, 0x55, 0x66, 0x56, 0x94, 0x55, 0x59, 0x51, 0x58, 0x55, 0x55,
        0x55, 0x15, 0x95, 0x54, 0x55, 0x69, 0x56, 0x54, 0x55, 0x55, 0x55, 0x45, 0x54, 0x50, 0x55, 0x56,
        0x55, 0x55, 0x55, 0x55, 0x55, 0x59, 0x51, 0x55, 0x55, 0x55, 0x55, 0x55, 0x85, 0x55, 0x55, 0x15,
        0x55, 0x55, 0x55, 0x54, 0x45, 0x45, 0x54, 0x51, 0x65, 0x65, 0x55, 0x55, 0x44, 0x54, 0x51, 0x54,
        0x59, 0xA4, 0x55, 0x65, 0x56, 0x95, 0x55, 0x49, 0x06, 0x55, 0x15, 0x55, 0x55, 0x55, 0x59, 0x15,
        0x69, 0x65, 0x65, 0x19, 0x15, 0x48, 0x59, 0x56, 0x55, 0x55, 0x55, 0x55, 0x54, 0x15, 0x56, 0x45,
        0x55, 0x55, 0x44, 0x55, 0x50, 0x59, 0x94, 0x59, 0x26, 0x55, 0x04, 0x55, 0x56, 0x95, 0x55, 0x54,
        0x55, 0x51, 0x55, 0x54, 0x64, 0x55, 0x54, 0x55, 0x45, 0x56, 0x65, 0x56, 0x95, 0x86, 0x45, 0x14,
        0x51, 0x45, 0x65, 0x55, 0x45, 0x50, 0x55, 0x61, 0x56, 0x54, 0x55, 0x45, 0x45, 0x55, 0x46, 0x55,
        0x55, 0x55, 0x50, 0x84, 0x95, 0x95, 0x55, 0x55, 0x54, 0x55, 0x56, 0x54, 0x55, 0x95, 0x55, 0x95,
        0x55, 0x55, 0x55, 0x11, 0x55, 0x99, 0x66, 0x55, 0x18, 0x55, 0x55, 0x55, 0x95, 0x55, 0x50, 0x55,
        0x54, 0x96, 0x51, 0x21, 0x50, 0x55, 0x55, 0x55, 0x55, 0x15, 0x44, 0x54, 0x55, 0x55, 0x65, 0x55,
        0x55, 0x44, 0x55, 0x45, 0x55, 0x45, 0x55, 0x58, 0x55, 0x55, 0x55, 0x65, 0x55, 0x55, 0x15, 0x98,
        0x56, 0x41, 0x55, 0x66, 0x65, 0x59, 0x45, 0x55, 0x15, 0x54, 0x15, 0x59, 0x50, 0x55, 0x66, 0xA5,
        0x96, 0x55, 0x65, 0x16, 0x55, 0x16, 0x55, 0x55, 0x25, 0x45, 0x15, 0x54, 0x55, 0x55, 0x55, 0x55,
        0x55, 0x45, 0x55, 0x55, 0x59, 0x95, 0x55, 0x95, 0x45, 0x51, 0x2A, 0x55, 0x56, 0x55, 0x55, 0x19,
        0x16, 0x50, 0x55, 0x55, 0x59, 0x55, 0x59, 0x55, 0x56, 0x55, 0x56, 0x15, 0x55, 0x65, 0x95, 0x66,
        0x55, 0x99, 0x5A, 0x56, 0x55, 0x55, 0x19, 0x95, 0x45, 0x41, 0x55, 0x55, 0x54, 0x51, 0x18, 0x59,
        0x55, 0x55, 0x55, 0x09, 0x10, 0x15, 0x55, 0x55, 0x51, 0x59, 0x16, 0x15, 0x59, 0x11, 0x55, 0x95,
        0x55, 0x54, 0x15, 0x55, 0x15, 0x55, 0x56, 0x55, 0x54, 0x55, 0x19, 0x56, 0x85, 0x15, 0x55, 0x55,
        0x55, 0x56, 0x65, 0x15, 0x95, 0x55, 0x50, 0x49, 0x45, 0x51, 0x66, 0x54, 0x55, 0x55, 0x55, 0x65,
        0x55, 0x56, 0x45, 0x86, 0x55, 0x55, 0x55, 0x16, 0x54, 0x54, 0x55, 0x55, 0x4A, 0x61, 0x65, 0x52,
        0x55, 0x59, 0x41, 0x55, 0x55, 0x54, 0x54, 0x55, 0x55, 0x55, 0x56, 0x56, 0x11, 0x56, 0x51, 0x54,
        0x15, 0x46, 0x85, 0x52, 0x65, 0x51, 0x64, 0x55, 0x55, 0x59, 0x55, 0x55, 0x45, 0x59, 0x60, 0x05,
        0x59, 0x54, 0x55, 0x91, 0x45, 0x55, 0x59, 0x45, 0x51, 0x49, 0x55, 0x56, 0x55, 0x55, 0x55, 0x59,
        0x12, 0x52, 0x45, 0x59, 0x14, 0x55, 0x55, 0x54, 0x58, 0x55, 0x59, 0x55, 0x98, 0x64, 0x55, 0x55,
        0x94, 0x55, 0x55, 0x55, 0x59, 0x95, 0x55, 0x55, 0xA5, 0x55, 0x51, 0x58, 0x51, 0x95, 0x55, 0x55,
        0x61, 0x55, 0x51, 0x55, 0x55, 0x55, 0x55, 0x59, 0x55, 0x95, 0x65, 0x58, 0x55, 0x59, 0x59, 0x56,
        0x65, 0x45, 0x51, 0x85, 0x55, 0x55, 0x95, 0x55, 0x55, 0x58, 0x55, 0x55, 0x56, 0x65, 0x65, 0x45,
        0x55, 0x54, 0x15, 0x55, 0x45, 0x55, 0x55, 0x15, 0x55, 0x11, 0x55, 0x55, 0x15, 0x56, 0x55, 0x55,
        0x55, 0x65, 0x55, 0x59, 0x55, 0x29, 0x54, 0x55, 0x15, 0x55, 0x11, 0x55, 0x55, 0x45, 0x45, 0x52,
        0x55, 0x59, 0x65, 0x55, 0x55, 0x59, 0x55, 0xA5, 0x15, 0x52, 0x55, 0x55, 0x51, 0x55, 0x55, 0x51,
        0x65, 0x55, 0x69, 0x55, 0x54, 0x55, 0x98, 0x51, 0x42, 0x45, 0x65, 0x56, 0x55, 0x45, 0x54, 0x56,
        0x59, 0x55, 0x65, 0x84, 0x15, 0x15, 0x55, 0x55, 0x55, 0x95, 0x55, 0x59, 0xA5, 0x95, 0x54, 0x55,
        0x54, 0x61, 0x55, 0x86, 0x54, 0x55, 0x59, 0x15, 0x44, 0x15, 0x45, 0x51, 0x54, 0x55, 0x55, 0x51,
        0x60, 0x55, 0x65, 0x51, 0x84, 0x54, 0x44, 0x55, 0x55, 0x95, 0x55, 0x55, 0x94, 0x95, 0x89, 0x15,
        0x55, 0x55, 0x55, 0x65, 0x59, 0x51, 0x55, 0x15, 0x45, 0x59, 0x55, 0x15, 0x95, 0x55, 0x55, 0x91,
        0x55, 0x65, 0x11, 0x66, 0x65, 0x25, 0x51, 0x55, 0x55, 0x55, 0x91, 0x51, 0x55, 0x65, 0x05, 0x45,
        0x54, 0x61, 0x60, 0x14, 0x41, 0x51, 0x55, 0x55, 0x54, 0x59, 0x55, 0x58, 0x95, 0x50, 0x59, 0x55,
        0x65, 0x55, 0x15, 0x69, 0x56, 0x49, 0x45, 0x54, 0x55, 0x59, 0x54, 0x51, 0x55, 0x15, 0x55, 0x15,
        0x95, 0x14, 0x94, 0x59, 0x45, 0x51, 0x51, 0x15, 0x55, 0x51, 0x55, 0x55, 0x54, 0x55, 0x05, 0x55,
        0x65, 0x55, 0x59, 0x15, 0x55, 0x65, 0x1A, 0x95, 0x55, 0x94, 0x4A, 0x55, 0x55, 0x56, 0x55, 0x25,
        0x55, 0x55, 0x94, 0x65, 0x55, 0x45, 0x51, 0x55, 0x65, 0xA5, 0x49, 0x55, 0x55, 0x55, 0x55, 0x55,
        0x45, 0x55, 0x95, 0x65, 0x58, 0x15, 0x95, 0x95, 0x59, 0x55, 0x59, 0x55, 0x99, 0x55, 0x55, 0x55,
        0x00, 0x51, 0x04, 0x55, 0x61, 0x45, 0x65, 0x95, 0x55, 0x2A, 0x64, 0x54, 0x45, 0x16, 0x5A, 0x51,
        0x15, 0x99, 0x56, 0x65, 0x55, 0x55, 0x51, 0x54, 0x59, 0x51, 0x85, 0x56, 0x15, 0x55, 0x15, 0x55,
        0x54, 0x65, 0x55, 0x55, 0x55, 0x25, 0x55, 0x55, 0x15, 0x55, 0x85, 0x55, 0x55, 0x15, 0x51, 0x55,
        0x55, 0x55, 0x25, 0x56, 0x56, 0x55, 0x59, 0x55, 0x51, 0x65, 0x55, 0x55, 0x85, 0x59, 0x59, 0x15,
        0x55, 0x54, 0x68, 0x55, 0x55, 0x11, 0x95, 0x45, 0x68, 0x15, 0x55, 0x59, 0x49, 0x55, 0x55, 0x64,
        0x65, 0x12, 0x15, 0x55, 0x46, 0x65, 0x51, 0x55, 0x65, 0x55, 0x45, 0x51, 0x55, 0x45, 0x55, 0x55,
        0x59, 0x56, 0x50, 0x15, 0x45, 0x45, 0x55, 0x51, 0x15, 0x15, 0x05, 0x55, 0x51, 0x55, 0x55, 0x55,
        0x65, 0x55, 0x55, 0x65, 0x11, 0x56, 0x59, 0x55, 0x55, 0x55, 0x54, 0x56, 0x15, 0x55, 0x55, 0x59,
        0x55, 0x95, 0x14, 0x55, 0x59, 0x61, 0x51, 0x01, 0x15, 0x65, 0x55, 0x55, 0x65, 0x11, 0x55, 0x41,
        0x65, 0x55, 0x54, 0x51, 0x55, 0x55, 0x45, 0x55, 0x55, 0x65, 0x09, 0x95, 0x56, 0x55, 0x45, 0x15,
        0x55, 0x15, 0x55, 0x55, 0x55, 0x41, 0x55, 0x95, 0x55, 0x55, 0x65, 0x05, 0x55, 0x15, 0x14, 0x55,
        0x55, 0x55, 0x25, 0x95, 0x55, 0x58, 0x51, 0x55, 0x15, 0x54, 0x15, 0x92, 0x59, 0x55, 0x45, 0x64,
        0x55, 0x95, 0x55, 0x55, 0x49, 0x56, 0x55, 0x15, 0x55, 0x5A, 0x55, 0x55, 0x54, 0x69, 0x65, 0x54,
        0x55, 0x44, 0x95, 0x51, 0x59, 0x56, 0x55, 0x55, 0x49, 0x59, 0x54, 0xA6, 0x46, 0x15, 0x66, 0x55,
        0x51, 0x55, 0x59, 0x49, 0x55, 0x55, 0x15, 0x55, 0x54, 0x51, 0x51, 0x94, 0x51, 0x81, 0x55, 0x51,
        0x55, 0x56, 0x25, 0x05, 0x55, 0x46, 0x12, 0x55, 0x85, 0x55, 0x55, 0x95, 0x45, 0x55, 0x55, 0x95,
        0x56, 0x54, 0x16, 0x14, 0x65, 0x95, 0x45, 0x51, 0x55, 0x55, 0x56, 0x55, 0x65, 0x54, 0x55, 0x56,
        0x69, 0x91, 0x95, 0x15, 0x56, 0x55, 0x55, 0x45, 0x15, 0x58, 0x15, 0x64, 0x94, 0x56, 0x05, 0x94,
        0x55, 0x55, 0x05, 0x55, 0x51, 0x55, 0x15, 0x96, 0x61, 0x05, 0x55, 0x51, 0x15, 0x46, 0x55, 0x65,
        0x55, 0x54, 0x51, 0x55, 0x55, 0x54, 0x65, 0x55, 0x55, 0x59, 0x55, 0x50, 0x55, 0x55, 0x55, 0xA1,
        0x55, 0x59, 0x55, 0x61, 0x45, 0x05, 0x55, 0x14, 0x95, 0x59, 0x59, 0x59, 0x55, 0x15, 0x14, 0x51,
        0x41, 0x55, 0x15, 0x56, 0x69, 0x45, 0x59, 0x41, 0x64, 0x55, 0x95, 0x51, 0x55, 0x55, 0x44, 0x55,
        0x95, 0x51, 0x15, 0x15, 0x45, 0x45, 0x61, 0x55, 0x91, 0x96, 0x51, 0x95, 0x55, 0x69, 0x96, 0x26,
        0x55, 0x55, 0x54, 0x55, 0x55, 0x55, 0x69, 0x65, 0x54, 0x55, 0x51, 0x95, 0x55, 0x11, 0x41, 0x55,
        0x5A, 0x56, 0x55, 0x55, 0x58, 0x95, 0x55, 0x55, 0x55, 0x59, 0x56, 0x55, 0x65, 0x55, 0x55, 0x55,
        0x55, 0x51, 0x65, 0x55, 0x46, 0x55, 0x61, 0x55, 0x56, 0x55, 0x55, 0x65, 0x55, 0x15, 0x61, 0x55,
        0x51, 0x45, 0x55, 0x95, 0x55, 0x55, 0x59, 0x45, 0x49, 0x45, 0x54, 0x51, 0x54, 0x14, 0x55, 0x52,
        0x55, 0x55, 0x55, 0x45, 0x11, 0x54, 0x55, 0x56, 0x45, 0x49, 0x55, 0x65, 0x55, 0x54, 0x59, 0x25,
        0x98, 0x55, 0x51, 0x85, 0x95, 0x65, 0x25, 0x91, 0x65, 0x45, 0xA5, 0x45, 0x55, 0x5A, 0x45, 0x46,
        0x55, 0x55, 0x65, 0x16, 0x55, 0x94, 0x96, 0x95, 0x81, 0x55, 0x59, 0x59, 0x59, 0x55, 0x55, 0x26,
        0x59, 0x56, 0x55, 0x54, 0x45, 0x51, 0x24, 0x66, 0x59, 0x44, 0x55, 0x55, 0x10, 0x95, 0x55, 0x25,
        0x55, 0x55, 0x55, 0x95, 0x55, 0x55, 0x95, 0x50, 0x55, 0x41, 0x11, 0x55, 0x55, 0x91, 0x51, 0x55,
        0x85, 0x55, 0x15, 0x45, 0x55, 0x51, 0x55, 0x95, 0x68, 0x54, 0x65, 0x55, 0x15, 0x51, 0x54, 0x69,
        0x55, 0x61, 0x64, 0x85, 0x51, 0x55, 0x05, 0x46, 0x65, 0x99, 0x41, 0x55, 0x55, 0x55, 0x55, 0x56,
        0x59, 0x59, 0x11, 0x65, 0x54, 0x59, 0x94, 0x55, 0x55, 0x65, 0x51, 0x59, 0x55, 0x46, 0x55, 0x65,
        0x69, 0x55, 0x29, 0xA5, 0x45, 0x41, 0x55, 0x45, 0x51, 0x55, 0x21, 0x55, 0x65, 0x15, 0x55, 0x56,
        0x55, 0x91, 0x55, 0x94, 0x15, 0x60, 0x95, 0x65, 0x55, 0x15, 0x55, 0x55, 0x95, 0x65, 0x55, 0x65,
        0x49, 0x65, 0x15, 0x55, 0x45, 0x65, 0x51, 0x55, 0x54, 0x95, 0x55, 0x55, 0x51, 0x65, 0x5A, 0x55,
        0x44, 0x15, 0x15, 0x15, 0x45, 0x65, 0x11, 0x91, 0x55, 0x55, 0x55, 0x65, 0x55, 0x99, 0x25, 0x94,
        0x45, 0x55, 0x14, 0x56, 0x55, 0x50, 0x55, 0x55, 0x45, 0x54, 0x52, 0x19, 0x55, 0x95, 0x55, 0x51,
        0x65, 0x04, 0x56, 0x55, 0x45, 0x56, 0x21, 0x95, 0x95, 0x55, 0x51, 0x65, 0x56, 0x65, 0x56, 0x55,
        0x55, 0x08, 0x59, 0x11, 0x45, 0x56, 0x52, 0x95, 0x54, 0x95, 0x55, 0x65, 0x65, 0x55, 0x55, 0x55,
        0x11, 0x59, 0x64, 0x19, 0x65, 0x95, 0x55, 0x55, 0x55, 0x65, 0x45, 0x56, 0x45, 0x55, 0x55, 0x65,
        0x56, 0x52, 0x55, 0x55, 0xA5, 0x55, 0x55, 0x58, 0x95, 0x55, 0x61, 0x65, 0x55, 0xA5, 0x11, 0x59,
        0x55, 0x55, 0x58, 0x99, 0x59, 0x55, 0x59, 0x55, 0x55, 0x65, 0x91, 0x65, 0x55, 0x54, 0x55, 0x99,
        0x55, 0x59, 0x59, 0x45, 0xA5, 0x45, 0x59, 0x55, 0x66, 0x54, 0x59, 0x55, 0x55, 0x45, 0x55, 0x55,
        0x51, 0x55, 0x46, 0x55, 0x59, 0x55, 0x25, 0x59, 0x85, 0x11, 0x25, 0x55, 0x55, 0x56, 0x55, 0x55,
        0x96, 0x64, 0x19, 0x55, 0x55, 0x19, 0x51, 0x55, 0x01, 0x92, 0x55, 0x55, 0x45, 0x65, 0x59, 0x55,
        0x81, 0x69, 0x95, 0x54, 0x59, 0x55, 0x51, 0x59, 0x55, 0x65, 0x55, 0x59, 0x55, 0x45, 0x55, 0x05,
        0x55, 0x59, 0x95, 0xA5, 0x51, 0x54, 0x55, 0x55, 0x55, 0x51, 0x65, 0x55, 0x51, 0x51, 0x55, 0x55,
        0x55, 0x55, 0x54, 0x54, 0x91, 0x45, 0x94, 0x55, 0x56, 0x46, 0x95, 0x64, 0x18, 0x46, 0x55, 0x55,
        0x59, 0x59, 0x59, 0x15, 0x95, 0x01, 0x55, 0x55, 0x54, 0x54, 0x55, 0x51, 0x44, 0x55, 0x45, 0x65,
        0x55, 0x55, 0x45, 0x55, 0x55, 0x59, 0x51, 0x06, 0x05, 0x86, 0x15, 0x55, 0x56, 0x56, 0x55, 0x55,
        0x84, 0x15, 0x15, 0x06, 0x55, 0x55, 0x51, 0x59, 0x55, 0x56, 0x54, 0x15, 0x55, 0x45, 0x59, 0x64,
        0x55, 0x55, 0x95, 0x49, 0x66, 0x51, 0x69, 0x55, 0x55, 0x55, 0x55, 0x59, 0x56, 0x55, 0x55, 0x94,
        0x54, 0x55, 0x15, 0x15, 0x54, 0x94, 0x55, 0x51, 0x15, 0x55, 0x54, 0x55, 0x15, 0x05, 0x62, 0x69,
        0x66, 0x51, 0x55, 0x52, 0x14, 0x95, 0x55, 0x55, 0x51, 0x51, 0x15, 0x49, 0x45, 0x55, 0x55, 0x56,
        0x41, 0x54, 0x55, 0x55, 0x55, 0x58, 0x15, 0x55, 0x95, 0x55, 0x55, 0x55, 0x51, 0xA5, 0x55, 0x55,
        0x54, 0x4A, 0x61, 0x66, 0x49, 0x05, 0x51, 0x55, 0x19, 0x55, 0x46, 0x59, 0x55, 0x11, 0x59, 0x48,
        0x55, 0x55, 0xA9, 0x45, 0x19, 0x50, 0x55, 0x51, 0x65, 0x54, 0x55, 0x56, 0x25, 0x55, 0x55, 0x54,
        0x51, 0x55, 0x61, 0x59, 0x55, 0x25, 0x54, 0x81, 0x64, 0x91, 0x55, 0x51, 0x04, 0x55, 0x56, 0x1A,
        0x25, 0x55, 0x55, 0x55, 0x51, 0x55, 0x55, 0x18, 0x55, 0x52, 0x86, 0x55, 0x55, 0x59, 0x55, 0x55,
        0x55, 0x45, 0x55, 0x59, 0x55, 0x51, 0x11, 0x51, 0x55, 0x51, 0x59, 0x55, 0x55, 0x50, 0x55, 0x41,
        0x55, 0x95, 0x95, 0x94, 0x59, 0x65, 0x05, 0x55, 0x55, 0x55, 0x55, 0x55, 0x55, 0x55, 0x50, 0x90,
        0x15, 0x56, 0x55, 0x05, 0xA5, 0x55, 0x51, 0x54, 0x55, 0x65, 0x56, 0x99, 0x45, 0x54, 0x40, 0x15,
        0x95, 0x55, 0x55, 0x55, 0x55, 0x59, 0x52, 0x95, 0x55, 0x56, 0x55, 0x19, 0x51, 0x59, 0x95, 0x94,
        0x59, 0x65, 0x45, 0x51, 0x55, 0x51, 0x96, 0x49, 0x55, 0x45, 0x45, 0x56, 0x54, 0x54, 0x55, 0x54,
        0x55, 0x25, 0x46, 0x55, 0x45, 0x95, 0x65, 0x54, 0x55, 0x54, 0x55, 0x55, 0x69, 0x51, 0x95, 0x55,
        0x55, 0x58, 0x45, 0x41, 0x55, 0x95, 0x96, 0x55, 0x18, 0x56, 0x55, 0x11, 0x15, 0x15, 0x52, 0x58,
        0x05, 0xA1, 0x64, 0x48, 0x55, 0x95, 0x55, 0x92, 0x95, 0x55, 0x49, 0x61, 0x85, 0x55, 0x59, 0x55,
        0x56, 0x55, 0x45, 0x15, 0x95, 0x55, 0x54, 0x54, 0x15, 0x95, 0x99, 0x15, 0x55, 0x15, 0x18, 0x44,
        0x55, 0x65, 0x54, 0x55, 0x54, 0x95, 0x95, 0x21, 0x55, 0x55, 0x55, 0x55, 0x15, 0x51, 0x55, 0x95,
        0x55, 0x54, 0x65, 0x25, 0x55, 0x55, 0x64, 0x55, 0x56, 0x45, 0x19, 0x55, 0x45, 0x55, 0x25, 0x65,
        0x41, 0x45, 0x56, 0x56, 0x24, 0x49, 0x51, 0x45, 0x55, 0x59, 0x51, 0x55, 0x54, 0x55, 0x94, 0x55,
        0x65, 0x65, 0x55, 0x55, 0x69, 0x51, 0x56, 0x45, 0x09, 0x61, 0xA5, 0x02, 0x55, 0x55, 0x55, 0x51,
        0x55, 0x65, 0x15, 0x40, 0x51, 0x55, 0x99, 0x55, 0x15, 0x65, 0x55, 0x45, 0x50, 0x69, 0x45, 0x59,
        0x55, 0x59, 0xA1, 0x41, 0x55, 0x55, 0x56, 0x55, 0x55, 0x56, 0x95, 0x65, 0x54, 0x55, 0x58, 0x1A,
        0x56, 0x65, 0x65, 0x65, 0x55, 0x59, 0x69, 0x55, 0x49, 0x51, 0x65, 0x55, 0x61, 0x55, 0x50, 0x65,
        0x14, 0x56, 0x56, 0x15, 0x15, 0x15, 0x55, 0x55, 0x56, 0x95, 0x65, 0x55, 0x85, 0x66, 0x16, 0x59,
        0x59, 0x15, 0x56, 0x51, 0x51, 0x59, 0x55, 0x54, 0x61, 0x25, 0x15, 0xA5, 0x05, 0x59, 0x55, 0x55,
        0x09, 0x54, 0x55, 0x54, 0x65, 0x95, 0x55, 0x55, 0x54, 0x55, 0x59, 0x55, 0x55, 0x51, 0x54, 0x16,
        0x55, 0x40, 0x55, 0x59, 0x99, 0x95, 0x55, 0x55, 0x91, 0x55, 0x15, 0x55, 0x55, 0x55, 0x55, 0x54,
        0x54, 0x52, 0x55, 0x54, 0x56, 0x55, 0x25, 0x95, 0x54, 0x55, 0x55, 0x55, 0x66, 0x16, 0x58, 0x65,
        0x25, 0x55, 0x55, 0x59, 0x16, 0x94, 0x51, 0x59, 0x45, 0x14, 0x55, 0x65, 0x91, 0x55, 0x55, 0x55,
        0x40, 0x59, 0x55, 0x51, 0x55, 0x55, 0x55, 0x55, 0x54, 0x55, 0x66, 0x54, 0x55, 0x66, 0x05, 0x25,
        0x55, 0x25, 0x55, 0x52, 0x55, 0x5A, 0x55, 0x55, 0x55, 0x55, 0x61, 0x95, 0x55, 0x55, 0x55, 0x98,
        0x95, 0x51, 0x95, 0x51, 0x55, 0x45, 0x14, 0x54, 0x51, 0x45, 0x52, 0x95, 0x55, 0x55, 0x50, 0x45,
        0x55, 0x59, 0x55, 0x65, 0x64, 0x51, 0x64, 0x01, 0x55, 0x94, 0x56, 0x54, 0x54, 0x99, 0x45, 0x45,
        0x65, 0x55, 0x55, 0x55, 0x55, 0x55, 0x69, 0x11, 0x55, 0x50, 0x56, 0x56, 0x48, 0x54, 0x95, 0x55,
        0x65, 0x55, 0x55, 0x54, 0x55, 0x55, 0x64, 0x55, 0x55, 0x09, 0x55, 0x59, 0x55, 0x06, 0x65, 0x55,
        0x55, 0x55, 0x91, 0x59, 0x55, 0x14, 0x55, 0x55, 0x45, 0x45, 0x45, 0x42, 0x55, 0x49, 0x55, 0x59,
        0x85, 0x55, 0x55, 0x56, 0x15, 0x64, 0x55, 0x54, 0x54, 0x56, 0x55, 0x55, 0x55, 0x56, 0x55, 0x55,
        0x55, 0x5A, 0x56, 0x14, 0x55, 0x95, 0x55, 0x45, 0x45, 0x11, 0x94, 0x46, 0x15, 0x56, 0x51, 0x55,
        0x95, 0x55, 0x55, 0x55, 0x65, 0x51, 0x51, 0x56, 0x55, 0x56, 0x54, 0x56, 0x55, 0x14, 0x14, 0x06,
        0x95, 0x5A, 0x95, 0x64, 0x55, 0x54, 0x15, 0x55, 0x45, 0x54, 0x55, 0x51, 0x55, 0x15, 0x81, 0x15,
        0x55, 0x49, 0x55, 0x55, 0x54, 0x11, 0x55, 0x55, 0x56, 0x56, 0x65, 0x55, 0x52, 0x15, 0x55, 0x11,
        0x45, 0x95, 0x45, 0x90, 0x58, 0x12, 0x55, 0x15, 0x65, 0x55, 0x56, 0x19, 0x55, 0x59, 0x55, 0x95,
        0x95, 0x55, 0x56, 0x55, 0x55, 0x45, 0x5A, 0x55, 0x15, 0x55, 0x95, 0x55, 0x55, 0x51, 0x45, 0x55,
        0x55, 0x55, 0x55, 0x55, 0x55, 0x41, 0x55, 0x56, 0x6A, 0x54, 0x55, 0x55, 0x54, 0x55, 0x15, 0x59,
        0x55, 0x54, 0x55, 0x55, 0x55, 0x55, 0x51, 0x15, 0x91, 0x55, 0x49, 0x55, 0x54, 0x55, 0x45, 0x59,
        0x55, 0x54, 0x55, 0x51, 0x95, 0x55, 0x55, 0x15, 0x55, 0x55, 0x55, 0x55, 0x64, 0x41, 0x1A, 0x15,
        0x59, 0x06, 0x49, 0x95, 0x55, 0x55, 0x05, 0x54, 0x55, 0x55, 0xA9, 0x51, 0x41, 0x66, 0xA5, 0x95,
        0x45, 0x09, 0x56, 0x58, 0x54, 0x19, 0x55, 0x45, 0x95, 0x15, 0x95, 0x94, 0x94, 0x58, 0x54, 0x52,
        0x69, 0x55, 0x91, 0x59, 0x65, 0x51, 0x55, 0x59, 0x61, 0x64, 0x51, 0x54, 0x55, 0x95, 0x55, 0x56,
        0x91, 0x55, 0x55, 0x65, 0x15, 0x56, 0x15, 0x45, 0x95, 0x55, 0x55, 0x95, 0x95, 0x59, 0x55, 0x55,
        0x55, 0x55, 0x55, 0x59, 0x54, 0x29, 0x11, 0x55, 0x51, 0x45, 0x51, 0x51, 0x55, 0x59, 0x58, 0x55,
        0x59, 0x55, 0x55, 0x55, 0x68, 0x55, 0x55, 0x55, 0x55, 0x54, 0x54, 0xA5, 0x56, 0x56, 0x55, 0x51,
        0x01, 0x56, 0x59, 0x55, 0x95, 0x55, 0x99, 0x61, 0x95, 0xA6, 0x45, 0x55, 0x55, 0x14, 0x61, 0x59,
        0x59, 0x55, 0x65, 0x45, 0x61, 0x65, 0x59, 0x55, 0x45, 0x55, 0x55, 0x55, 0x65, 0x65, 0x42, 0x44,
        0x94, 0x45, 0x55, 0x56, 0x45, 0x45, 0x64, 0x55, 0x14, 0x54, 0x55, 0x95, 0x55, 0x56, 0x55, 0x45,
        0x51, 0x56, 0x15, 0x95, 0x95, 0x55, 0x46, 0x94, 0x65, 0x91, 0x55, 0x59, 0x54, 0x91, 0x55, 0x54,
        0x51, 0x45, 0x91, 0x55, 0x95, 0x55, 0x45, 0x95, 0x51, 0x94, 0x55, 0x51, 0x11, 0x55, 0x45, 0x55,
        0x64, 0x55, 0x55, 0x51, 0x55, 0x45, 0x05, 0x55, 0x55, 0x98, 0x51, 0x56, 0x55, 0x55, 0x55, 0x54,
        0x15, 0x59, 0x55, 0x51, 0x05, 0x59, 0x58, 0x55, 0x45, 0x45, 0x65, 0x59, 0x15, 0x55, 0x55, 0x45,
        0x54, 0x95, 0x49, 0x55, 0x85, 0x45, 0x55, 0x64, 0x55, 0x45, 0x55, 0x95, 0x54, 0x91, 0x54, 0x16,
        0x54, 0x51, 0x45, 0x51, 0x65, 0x56, 0x56, 0x55, 0x45, 0x15, 0x55, 0x5A, 0x55, 0x59, 0x55, 0x04,
        0x55, 0x5A, 0x59, 0x55, 0x95, 0x26, 0x55, 0x55, 0x59, 0x95, 0x15, 0x55, 0x54, 0x55, 0x55, 0x15,
        0x49, 0x56, 0x55, 0x52, 0x55, 0x59, 0x45, 0x54, 0x55, 0x65, 0x55, 0x55, 0x45, 0x45, 0x54, 0x92,
        0x55, 0x55, 0x45, 0x95, 0x55, 0x54, 0x55, 0x55, 0x55, 0x55, 0x55, 0x61, 0x55, 0x51, 0x55, 0xA5,
        0x56, 0x55, 0x15, 0x15, 0x19, 0x95, 0x66, 0x54, 0x15, 0x90, 0x49, 0x61, 0x96, 0x65, 0x51, 0x55,
        0x95, 0x59, 0x25, 0x59, 0x45, 0x59, 0x54, 0x51, 0x55, 0x91, 0x55, 0x51, 0x65, 0x55, 0x59, 0x55,
        0x55, 0x55, 0x55, 0x51, 0xA5, 0x55, 0x89, 0x05, 0x91, 0x55, 0x55, 0x55, 0x55, 0x54, 0x51, 0x55,
        0x15, 0x52, 0x15, 0x65, 0x54, 0x15, 0x54, 0x65, 0x55, 0x95, 0x16, 0x95, 0x54, 0x95, 0x15, 0x15,
        0x51, 0x59, 0x55, 0x45, 0x95, 0x08, 0x45, 0x51, 0x95, 0x56, 0x4A, 0x55, 0x45, 0x45, 0x55, 0x55,
        0x94, 0x55, 0x41, 0x15, 0x54, 0x95, 0x94, 0x56, 0x59, 0x55, 0x55, 0x55, 0x55, 0x50, 0x14, 0x65,
        0x45, 0x85, 0x55, 0x15, 0x55, 0x54, 0x55, 0x54, 0x54, 0x55, 0x95, 0x50, 0x55, 0x15, 0x55, 0x15,
        0x29, 0x55, 0x51, 0x54, 0x55, 0x55, 0x51, 0x51, 0x64, 0x55, 0x65, 0x59, 0x58, 0x55, 0x51, 0x55,
        0x55, 0x15, 0x58, 0x51, 0x05, 0xA5, 0x95, 0x95, 0x52, 0x94, 0x55, 0x55, 0x45, 0x54, 0x56, 0x61,
        0x55, 0x55, 0x55, 0x95, 0x55, 0x54, 0x95, 0x55, 0x55, 0x55, 0x48, 0x55, 0x59, 0x65, 0x55, 0x44,
        0x62, 0x54, 0x55, 0x95, 0x55, 0x54, 0x95, 0x55, 0x51, 0x59, 0x55, 0x95, 0x61, 0x55, 0x55, 0x11,
        0x55, 0x55, 0x56, 0x55, 0x55, 0x85, 0x45, 0x95, 0x44, 0x56, 0x55, 0x55, 0x51, 0x55, 0x45, 0x55,
        0x46, 0x59, 0x96, 0x55, 0x55, 0x55, 0x55, 0x55, 0x55, 0x68, 0x15, 0x95, 0x09, 0x55, 0x55, 0x51,
        0x54, 0x55, 0x65, 0x55, 0x55, 0x55, 0x15, 0x59, 0x69, 0x55, 0x54, 0x94, 0x56, 0xA4, 0x46, 0x95,
        0x86, 0x65, 0x55, 0x56, 0x51, 0x15, 0x45, 0x55, 0x05, 0x55, 0x15, 0x51, 0x55, 0x55, 0x55, 0x55,
        0x95, 0x04, 0x55, 0x55, 0x55, 0x95, 0x55, 0x4A, 0x19, 0x51, 0x55, 0x54, 0x55, 0x15, 0x55, 0x58,
        0x05, 0x45, 0x51, 0x15, 0x55, 0x55, 0x65, 0x51, 0x95, 0x56, 0x95, 0x41, 0x55, 0x45, 0x55, 0x85,
        0x55, 0x45, 0x55, 0x25, 0x25, 0x55, 0x55, 0x55, 0x54, 0x59, 0x99, 0x54, 0x51, 0x5A, 0x55, 0x45,
        0x55, 0x96, 0x90, 0x55, 0x55, 0x55, 0x55, 0x59, 0x55, 0x59, 0x15, 0x55, 0x55, 0x44, 0x55, 0x54,
        0x51, 0x51, 0x54, 0x95, 0x15, 0x56, 0x24, 0x45, 0x55, 0x55, 0x95, 0x95, 0x55, 0x15, 0x19, 0x51,
        0x55, 0x54, 0x59, 0x55, 0x65, 0x56, 0x65, 0x59, 0x65, 0x95, 0x55, 0x45, 0x45, 0x54, 0x54, 0x55,
        0x95, 0x55, 0x55, 0x65, 0x46, 0x45, 0x16, 0x99, 0x55, 0x55, 0x14, 0x55, 0x55, 0x55, 0x65, 0x26,
        0x56, 0x55, 0x55, 0xA6, 0x15, 0x16, 0x55, 0xA9, 0x54, 0x55, 0x51, 0x59, 0x55, 0x65, 0x59, 0x55,
        0x55, 0x55, 0x61, 0x46, 0x55, 0x59, 0x55, 0x55, 0x95, 0x65, 0x54, 0x51, 0x94, 0x55, 0x45, 0x55,
        0x59, 0x69, 0x94, 0x51, 0x55, 0x25, 0x54, 0x51, 0x55, 0x54, 0x45, 0x55, 0x85, 0x51, 0x55, 0x55,
        0x95, 0x55, 0x15, 0x49, 0x55, 0x86, 0x65, 0x95, 0x95, 0x81, 0x56, 0xA5, 0x55, 0x15, 0x66, 0x55,
        0x52, 0x55, 0x65, 0x55, 0x55, 0x95, 0x45, 0x94, 0x65, 0x55, 0x65, 0x55, 0x59, 0x55, 0x15, 0x54,
        0x55, 0x69, 0x56, 0x55, 0x59, 0x55, 0x51, 0x55, 0x45, 0x51, 0x95, 0x54, 0x55, 0x55, 0x55, 0x95,
        0x65, 0x61, 0x56, 0x45, 0x95, 0x55, 0x65, 0x52, 0x55, 0x55, 0x51, 0x45, 0x45, 0x55, 0x85, 0x96,
        0x55, 0x54, 0x59, 0x55, 0x58, 0x55, 0x59, 0x55, 0x05, 0x98, 0x59, 0x14, 0x55, 0x25, 0x61, 0x55,
        0x54, 0x95, 0x55, 0x96, 0x14, 0x15, 0x55, 0x55, 0x45, 0x55, 0x51, 0x55, 0x55, 0x55, 0x95, 0x95,
        0x55, 0x55, 0x56, 0x99, 0x04, 0x54, 0x98, 0x58, 0x66, 0x55, 0x55, 0x56, 0x52, 0x55, 0x81, 0x55,
        0x54, 0x55, 0x15, 0x26, 0x55, 0x55, 0x44, 0x45, 0x14, 0x45, 0x65, 0x95, 0x54, 0x46, 0x55, 0x45,
        0x55, 0x55, 0x15, 0x15, 0x59, 0x14, 0x95, 0x55, 0x60, 0x55, 0x55, 0x56, 0x55, 0x55, 0x55, 0x65,
        0x55, 0x54, 0x51, 0x41, 0x55, 0x15, 0x15, 0x55, 0x55, 0x51, 0x55, 0x55, 0x91, 0x61, 0x19, 0x95,
        0x45, 0x14, 0x94, 0x55, 0x65, 0x54, 0x15, 0x59, 0x51, 0x56, 0x55, 0x59, 0x55, 0xA5, 0x55, 0x54,
        0x55, 0x65, 0x56, 0x59, 0x46, 0x45, 0x55, 0x14, 0x95, 0x55, 0x51, 0x95, 0x56, 0x59, 0x59, 0x55,
        0x55, 0x15, 0x55, 0x55, 0x55, 0xA6, 0x55, 0x51, 0x45, 0x55, 0x55, 0x55, 0x55, 0x55, 0x14, 0x12,
        0x54, 0x55, 0x55, 0x55, 0x55, 0x11, 0x54, 0x55, 0x55, 0x54, 0x55, 0x04, 0x55, 0xA5, 0x15, 0x55,
        0x55, 0x55, 0x58, 0x14, 0x55, 0x69, 0x54, 0x55, 0x45, 0x59, 0x65, 0x69, 0x15, 0x45, 0x85, 0x55,
        0x15, 0x59, 0x15, 0x55, 0x65, 0x25, 0x21, 0x55, 0x61, 0x65, 0x25, 0x55, 0x56, 0x55, 0x40, 0x55,
        0x44, 0x54, 0x95, 0x91, 0x65, 0x55, 0x15, 0x65, 0x95, 0x54, 0xA5, 0x15, 0x55, 0x55, 0x55, 0x59,
        0x15, 0x56, 0x66, 0x55, 0x51, 0x64, 0x54, 0x55, 0x99, 0x55, 0x19, 0x25, 0x55, 0x44, 0x54, 0x11,
        0x55, 0x14, 0x5A, 0x59, 0x55, 0x18, 0x55, 0x55, 0x15, 0x65, 0x45, 0x55, 0x55, 0x55, 0x55, 0x46,
        0x65, 0x55, 0x49, 0x05, 0x90, 0x56, 0x5A, 0x69, 0x42, 0x56, 0x11, 0x55, 0x51, 0x59, 0x55, 0x56,
        0x59, 0x14, 0x55, 0x95, 0x15, 0x55, 0x55, 0x50, 0x45, 0x55, 0x55, 0x55, 0x51, 0x61, 0x14, 0x55,
        0x51, 0x55, 0x55, 0x55, 0x95, 0x55, 0x25, 0x11, 0x51, 0x59, 0x48, 0x55, 0x55, 0x59, 0x54, 0x65,
        0x55, 0x18, 0x46, 0x61, 0x55, 0x55, 0x58, 0x55, 0x51, 0x19, 0x19, 0x51, 0x51, 0x55, 0x55, 0x59,
        0x95, 0x96, 0x95, 0x55, 0x86, 0x84, 0x55, 0x59, 0x55, 0x55, 0x55, 0x05, 0x55, 0x95, 0x42, 0x54,
        0x55, 0x45, 0x15, 0x55, 0x51, 0x55, 0x91, 0x69, 0x59, 0x55, 0x59, 0x51, 0x55, 0x55, 0x55, 0x85,
        0x51, 0x95, 0x91, 0x16, 0x14, 0x64, 0x46, 0x56, 0x55, 0x19, 0x65, 0x86, 0x90, 0x55, 0x65, 0x56,
        0x55, 0x48, 0x92, 0x15, 0x55, 0x51, 0x45, 0x51, 0x55, 0x55, 0x15, 0x55, 0x15, 0x59, 0x55, 0x55,
        0x54, 0x55, 0x51, 0x59, 0x55, 0x59, 0x45, 0x55, 0x15, 0x45, 0x54, 0x51, 0x59, 0x56, 0x54, 0x84,
        0x56, 0x14, 0x51, 0x55, 0x55, 0x69, 0x61, 0xA5, 0x64, 0x69, 0x55, 0x55, 0x55, 0x11, 0x65, 0x55,
        0x55, 0x45, 0x45, 0x45, 0x15, 0x56, 0x56, 0x55, 0x94, 0x11, 0x55, 0x16, 0x64, 0x55, 0x55, 0x56,
        0x50, 0x50, 0x94, 0x55, 0x54, 0x56, 0x59, 0x52, 0x15, 0x55, 0x55, 0x96, 0x59, 0x56, 0x55, 0x55,
        0x15, 0x95, 0x51, 0x51, 0x54, 0x51, 0x95, 0x51, 0x55, 0x45, 0x51, 0x52, 0x55, 0x55, 0x55, 0x69,
        0x16, 0x55, 0x55, 0x65, 0x55, 0x55, 0x51, 0x95, 0x55, 0x55, 0x45, 0x55, 0x55, 0x56, 0x56, 0x55,
        0x45, 0x54, 0x95, 0x95, 0x55, 0x55, 0x59, 0x55, 0x49, 0x56, 0x65, 0x15, 0x64, 0x95, 0x55, 0x55,
        0x51, 0x56, 0x64, 0x45, 0x55, 0x59, 0x55, 0x55, 0x55, 0x54, 0x95, 0x54, 0x46, 0x15, 0x65, 0x29,
        0x55, 0x55, 0x56, 0x55, 0x15, 0x64, 0x45, 0x15, 0x65, 0x59, 0x45, 0x55, 0x55, 0x91, 0x45, 0x55,
        0x55, 0x16, 0x56, 0x99, 0x51, 0x16, 0x55, 0x55, 0x54, 0x51, 0x59, 0x65, 0x55, 0x55, 0x55, 0x54,
        0x56, 0x55, 0x55, 0x55, 0x55, 0x55, 0x61, 0x55, 0x51, 0x85, 0x66, 0x55, 0x69, 0x66, 0x55, 0x44,
        0x55, 0x59, 0x91, 0x46, 0x45, 0x55, 0x96, 0x55, 0x46, 0x55, 0x55, 0xA1, 0x96, 0x56, 0x55, 0x5A,
        0x55, 0x55, 0x5A, 0x59, 0x51, 0x55, 0x55, 0x55, 0x54, 0x95, 0x55, 0x89, 0xA1, 0x15, 0x55, 0x51,
        0x55, 0x95, 0x55, 0x55, 0x14, 0x51, 0x55, 0x01, 0x51, 0x44, 0x55, 0x55, 0x45, 0x54, 0x15, 0x59,
        0x56, 0x55, 0x55, 0x11, 0x54, 0x65, 0x95, 0x54, 0x16, 0x15, 0x55, 0x91, 0x55, 0x44, 0x45, 0x95,
        0x55, 0x59, 0x15, 0x55, 0x45, 0x50, 0x55, 0x56, 0x56, 0x55, 0x54, 0x45, 0x99, 0x55, 0x55, 0x59,
        0x56, 0x55, 0x41, 0x55, 0x55, 0x59, 0x55, 0x59, 0x55, 0x95, 0x41, 0x54, 0x19, 0x54, 0x41, 0x19,
        0x55, 0x55, 0x59, 0x55, 0x55, 0x55, 0x59, 0x55, 0x68, 0x15, 0x55, 0x55, 0x55, 0x51, 0x56, 0x55,
        0x55, 0x55, 0x55, 0x55, 0x69, 0x55, 0x51, 0x19, 0x15, 0x95, 0x55, 0x69, 0x56, 0x55, 0x59, 0x55,
        0x55, 0x55, 0x16, 0x15, 0x55, 0x19, 0x54, 0x55, 0x59, 0x51, 0x41, 0x55, 0x54, 0x51, 0x55, 0x59,
        0x96, 0x55, 0x65, 0x15, 0x44, 0x56, 0x55, 0x55, 0x55, 0x59, 0x55, 0x55, 0x65, 0x54, 0x54, 0x55,
        0x51, 0x86, 0x05, 0x55, 0x95, 0x45, 0x56, 0x55, 0x44, 0x55, 0x55, 0x65, 0x55, 0x56, 0x5A, 0x54,
        0x56, 0x64, 0x55, 0x45, 0x55, 0x55, 0x11, 0x59, 0x56, 0x55, 0x55, 0x69, 0x14, 0x55, 0x45, 0x9A,
        0x55, 0x56, 0x95, 0x50, 0x51, 0x41, 0x95, 0x46, 0x45, 0x15, 0x95, 0x55, 0x56, 0x55, 0x19, 0x55,
        0xA5, 0x14, 0x65, 0x19, 0x59, 0x55, 0x55, 0x95, 0x56, 0x55, 0x56, 0x15, 0x51, 0x95, 0x55, 0x01,
        0x55, 0x56, 0x51, 0x55, 0x55, 0x51, 0x55, 0x55, 0x41, 0x50, 0x92, 0x45, 0x15, 0x55, 0x46, 0x55,
        0x61, 0x55, 0x55, 0x55, 0x55, 0x55, 0x14, 0x55, 0x55, 0x16, 0x55, 0x15, 0x19, 0x55, 0x55, 0x55,
        0x55, 0x55, 0x55, 0x55, 0x55, 0x56, 0x55, 0x56, 0x55, 0x45, 0x55, 0x11, 0x56, 0x11, 0x54, 0x95,
        0x95, 0x15, 0x15, 0x59, 0x55, 0x95, 0x65, 0x55, 0x55, 0x11, 0x45, 0x15, 0x52, 0x65, 0x81, 0x55,
        0x55, 0x59, 0x59, 0x55, 0x58, 0x56, 0x55, 0x59, 0x54, 0x65, 0x59, 0x55, 0x56, 0x99, 0x65, 0x25,
        0x94, 0x55, 0x15, 0x58, 0x55, 0x55, 0x56, 0x01, 0x55, 0x65, 0x59, 0x59, 0x54, 0x51, 0x54, 0x45,
        0x56, 0x59, 0x55, 0x15, 0x50, 0x51, 0x55, 0x51, 0x21, 0x55, 0x45, 0x55, 0x49, 0x55, 0x55, 0x55,
        0x59, 0x95, 0x55, 0x65, 0x66, 0x55, 0x44, 0x55, 0x55, 0x56, 0x55, 0x55, 0x55, 0x18, 0x5A, 0x55,
        0x44, 0x59, 0x55, 0x05, 0x55, 0x55, 0x45, 0x55, 0x15, 0x45, 0x55, 0x55, 0xA5, 0x01, 0x96, 0x55,
        0x59, 0x55, 0x51, 0xA5, 0x55, 0x51, 0x54, 0x55, 0x96, 0x55, 0x81, 0x66, 0x45, 0x55, 0x59, 0x51,
        0x16, 0x54, 0x55, 0x65, 0x56, 0x15, 0x11, 0x91, 0x15, 0x55, 0x55, 0x59, 0x56, 0x55, 0x16, 0x15,
        0x54, 0x94, 0x45, 0x14, 0x51, 0x15, 0x54, 0x55, 0x54, 0x15, 0x55, 0x55, 0x55, 0x55, 0x54, 0x51,
        0x54, 0x99, 0x55, 0x95, 0x55, 0x99, 0x45, 0x45, 0x55, 0x11, 0x54, 0x25, 0x55, 0x81, 0x55, 0x59,
        0x16, 0x55, 0x49, 0x55, 0x95, 0x46, 0x01, 0x55, 0x51, 0x59, 0x95, 0x15, 0x65, 0x45, 0x45, 0x54,
        0x55, 0x55, 0x54, 0x55, 0x54, 0x15, 0x61, 0x51, 0x59, 0x56, 0x55, 0x94, 0x55, 0x56, 0x58, 0x19,
        0x58, 0x55, 0x55, 0x54, 0x66, 0x95, 0xA5, 0x55, 0x55, 0x55, 0x45, 0xA6, 0x41, 0x56, 0x85, 0x55,
        0x55, 0x55, 0x45, 0x68, 0x51, 0x96, 0x55, 0x15, 0x55, 0x46, 0x55, 0x55, 0x55, 0x55, 0x55, 0x56,
        0x55, 0x19, 0x65, 0x55, 0x45, 0x62, 0x55, 0x52, 0x05, 0x55, 0x56, 0x55, 0x11, 0x11, 0x65, 0x55,
        0x49, 0x55, 0x55, 0x45, 0x55, 0x59, 0x45, 0x56, 0x58, 0x49, 0x66, 0x86, 0x15, 0x54, 0x51, 0x65,
        0x59, 0x55, 0x55, 0x59, 0x25, 0x55, 0x15, 0x65, 0x14, 0xA4, 0x55, 0x55, 0x45, 0x42, 0x95, 0x65,
        0x15, 0x56, 0x55, 0x45, 0x96, 0x55, 0x55, 0x55, 0x56, 0x55, 0x56, 0x45, 0x56, 0x51, 0x59, 0x15,
        0x55, 0x56, 0x55, 0x55, 0x45, 0x95, 0x55, 0x15, 0x25, 0x65, 0x55, 0x55, 0x55, 0x55, 0x55, 0x55,
        0x59, 0x59, 0x41, 0x50, 0xA5, 0x55, 0x25, 0x05, 0x65, 0x04, 0x15, 0x65, 0x45, 0x48, 0x41, 0x64,
        0x50, 0x55, 0x51, 0x56, 0x26, 0x54, 0x55, 0x15, 0x85, 0x55, 0x65, 0x15, 0x45, 0x91, 0x55, 0x65,
        0x55, 0x65, 0x55, 0x95, 0x91, 0x45, 0x55, 0x55, 0x54, 0x45, 0x55, 0x95, 0x55, 0x95, 0x95, 0x54,
        0x55, 0x95, 0x55, 0x11, 0x55, 0x55, 0x61, 0x55, 0x55, 0x95, 0x45, 0x95, 0x65, 0x55, 0x50, 0x55,
        0x96, 0x55, 0x55, 0x55, 0x55, 0x55, 0x55, 0x51, 0x55, 0x54, 0x15, 0xA9, 0x85, 0x55, 0x54, 0x61,
        0x45, 0x55, 0x65, 0x55, 0x05, 0x55, 0x55, 0x40, 0x64, 0x56, 0x95, 0x95, 0x15, 0x45, 0x51, 0x16,
        0x65, 0x55, 0x95, 0x15, 0xA5, 0x55, 0x55, 0x51, 0x56, 0x45, 0x95, 0x51, 0x51, 0x29, 0x55, 0x55,
        0x55, 0x55, 0x55, 0x55, 0x55, 0x91, 0x56, 0x95, 0x15, 0x55, 0x55, 0x94, 0x19, 0x55, 0x59, 0x55,
        0x65, 0x15, 0x59, 0x55, 0x15, 0x65, 0x55, 0x95, 0x55, 0x19, 0x55, 0x51, 0x99, 0x14, 0x85, 0x51,
        0x55, 0x45, 0x55, 0x09, 0x91, 0x54, 0x55, 0x55, 0x65, 0x95, 0x15, 0x55, 0x54, 0x54, 0x95, 0x65,
        0x12, 0x55, 0x54, 0x55, 0x59, 0x81, 0x55, 0x55, 0x19, 0x16, 0x55, 0x61, 0x55, 0x54, 0x55, 0x95,
        0x55, 0x55, 0x55, 0x55, 0x58, 0x16, 0x45, 0x45, 0x55, 0x95, 0x15, 0x15, 0x55, 0x55, 0x55, 0x51,
        0x55, 0x54, 0x28, 0x45, 0x56, 0x55, 0x49, 0x55, 0x55, 0x95, 0x50, 0x56, 0x95, 0x95, 0x19, 0x19,
        0x55, 0x51, 0x90, 0x49, 0x55, 0x51, 0x55, 0x56, 0x45, 0x15, 0x55, 0x95, 0x55, 0x22, 0x91, 0x55,
        0x11, 0x45, 0x55, 0x55, 0x59, 0x45, 0x59, 0x51, 0x96, 0x55, 0x51, 0x54, 0x65, 0x55, 0x95, 0x59,
        0x54, 0x25, 0x55, 0x55, 0x66, 0x15, 0x51, 0x55, 0x55, 0x55, 0x94, 0x45, 0x65, 0x45, 0x56, 0x52,
        0x51, 0x19, 0x55, 0x59, 0x65, 0x25, 0x58, 0x55, 0x15, 0x55, 0x65, 0x65, 0x46, 0x85, 0x14, 0x15,
        0x55, 0x15, 0x58, 0x55, 0x56, 0x99, 0x55, 0x55, 0x55, 0x54, 0x59, 0x55, 0x51, 0x54, 0x55, 0x46,
        0x55, 0x55, 0x95, 0x55, 0x85, 0x54, 0x69, 0x94, 0x51, 0x55, 0x5A, 0x56, 0x55, 0x51, 0x45, 0x54,
        0x54, 0x56, 0x6A, 0x55, 0x59, 0x51, 0x65, 0x55, 0x58, 0x55, 0x54, 0x45, 0x45, 0x94, 0x99, 0x55,
        0x50, 0x56, 0x55, 0x59, 0x69, 0x50, 0x55, 0x05, 0x55, 0x55, 0x05, 0x52, 0x55, 0x54, 0x55, 0x06,
        0x54, 0x44, 0x55, 0x61, 0x55, 0x58, 0x65, 0x95, 0x55, 0x55, 0x55, 0x11, 0x55, 0x95, 0x55, 0x95,
        0x65, 0x55, 0x51, 0x64, 0x59, 0x94, 0x55, 0x56, 0x55, 0x11, 0x54, 0x51, 0x11, 0x54, 0x65, 0x55,
        0x94, 0x15, 0x55, 0x55, 0x55, 0x45, 0x55, 0x64, 0x55, 0x55, 0x55, 0x66, 0x55, 0x56, 0x95, 0x1A,
        0x55, 0x15, 0x59, 0x51, 0x55, 0x56, 0x11, 0x65, 0x15, 0x65, 0x56, 0x65, 0x54, 0x26, 0x45, 0x55,
        0x49, 0x54, 0x54, 0x55, 0x55, 0x69, 0x55, 0x55, 0x55, 0x94, 0x66, 0x25, 0x95, 0x59, 0x55, 0x55,
        0x54, 0x41, 0x95, 0x65, 0x45, 0x56, 0x55, 0x85, 0x55, 0x95, 0x45, 0x95, 0x56, 0x55, 0x51, 0x55,
        0x45, 0x55, 0x59, 0x49, 0x55, 0x42, 0x11, 0x55, 0x21, 0x54, 0x85, 0xA2, 0x54, 0x59, 0x95, 0x15,
        0x52, 0x19, 0x55, 0x52, 0x45, 0x55, 0x51, 0x59, 0x56, 0x55, 0x24, 0xA1, 0x55, 0x58, 0x55, 0x55,
        0x55, 0x55, 0x55, 0x55, 0x65, 0x50, 0x59, 0x15, 0x55, 0x55, 0x55, 0x55, 0x41, 0x59, 0x56, 0x56,
        0x65, 0x55, 0x14, 0x55, 0x55, 0x65, 0x05, 0x45, 0x95, 0x55, 0x15, 0x65, 0x54, 0x50, 0x14, 0x55,
        0x55, 0x45, 0x54, 0x55, 0x55, 0x51, 0x56, 0x61, 0x55, 0x51, 0x54, 0x51, 0x15, 0x55, 0x56, 0x59,
        0x55, 0x65, 0x65, 0x55, 0x55, 0x55, 0x59, 0x55, 0x66, 0x58, 0x54, 0x95, 0x95, 0x51, 0x55, 0x55,
        0x45, 0x11, 0x55, 0x55, 0xA4, 0x55, 0x55, 0x56, 0x55, 0x64, 0x55, 0x59, 0x55, 0x56, 0x55, 0x55,
        0x59, 0x16, 0x54, 0x55, 0x56, 0x50, 0x55, 0x95, 0x95, 0x45, 0x45, 0x91, 0x55, 0x55, 0x55, 0x55,
        0x51, 0x5A, 0x59, 0x55, 0x99, 0x55, 0x59, 0x55, 0x19, 0x51, 0x65, 0x54, 0x46, 0x55, 0x85, 0x55,
        0x55, 0x45, 0x99, 0x55, 0x55, 0x55, 0x95, 0x41, 0x55, 0x15, 0x55, 0x54, 0x15, 0x56, 0x55, 0x55,
        0x95, 0x55, 0x29, 0x55, 0x55, 0x51, 0x51, 0x55, 0x55, 0x54, 0x51, 0x51, 0x55, 0x55, 0x15, 0x55,
        0x95, 0x51, 0x59, 0x69, 0x15, 0x54, 0x95, 0x55, 0x56, 0x55, 0x18, 0x51, 0x59, 0x65, 0x55, 0x55,
        0x55, 0x52, 0x45, 0x55, 0x51, 0x16, 0x55, 0x55, 0x65, 0x4A, 0x14, 0x59, 0x55, 0x15, 0x95, 0x65,
        0x55, 0x55, 0x65, 0x51, 0x56, 0x59, 0x55, 0x51, 0x11, 0x45, 0x51, 0x59, 0x56, 0x96, 0x56, 0x45,
        0x45, 0x69, 0x45, 0x15, 0x55, 0x55, 0x45, 0xA6, 0x05, 0x55, 0x25, 0x55, 0x55, 0x91, 0x55, 0x65,
        0x55, 0x45, 0x19, 0x55, 0x59, 0x45, 0x55, 0x55, 0x95, 0x55, 0x45, 0xA5, 0x45, 0x65, 0x55, 0x95,
        0x84, 0x15, 0x55, 0x55, 0x41, 0x55, 0x45, 0x51, 0x66, 0x51, 0x45, 0x15, 0x56, 0x15, 0x54, 0x55,
        0x96, 0x14, 0x56, 0x65, 0x54, 0x55, 0x55, 0x61, 0x09, 0x66, 0x65, 0x58, 0x65, 0x54, 0x55, 0x94,
        0x15, 0x15, 0x12, 0x45, 0x55, 0x4A, 0x15, 0x55, 0x61, 0x54, 0x59, 0x55, 0x56, 0x25, 0x55, 0x45,
        0xA9, 0x55, 0x65, 0x55, 0x15, 0x61, 0x66, 0x6A, 0x55, 0x55, 0x60, 0x64, 0x55, 0x45, 0x55, 0x55,
        0x55, 0x18, 0x66, 0x55, 0x55, 0x54, 0x95, 0x55, 0x55, 0x55, 0x55, 0x95, 0x55, 0x54, 0x56, 0x94,
        0x54, 0x55, 0x55, 0x55, 0x55, 0x52, 0x51, 0x54, 0x46, 0x40, 0x55, 0x52, 0x59, 0x41, 0x65, 0x45,
        0x65, 0x85, 0x55, 0x65, 0x96, 0x95, 0x05, 0x89, 0x5A, 0x11, 0x55, 0x54, 0x55, 0x55, 0xA5, 0x55,
        0x45, 0x45, 0x15, 0x55, 0x55, 0x55, 0x55, 0x91, 0x55, 0x56, 0x55, 0x55, 0x45, 0x55, 0x64, 0x56,
        0x55, 0x15, 0x66, 0x95, 0x56, 0x51, 0x51, 0x44, 0x55, 0x55, 0x95, 0x55, 0x56, 0x45, 0x55, 0x55,
        0x99, 0x59, 0x51, 0x65, 0x50, 0x55, 0x55, 0x54, 0x45, 0x55, 0x55, 0x55, 0x69, 0x55, 0x89, 0x44,
        0x55, 0x14, 0x51, 0x51, 0x06, 0x05, 0x44, 0x69, 0x52, 0x55, 0x54, 0x55, 0x45, 0x44, 0x56, 0x64,
        0x54, 0x95, 0x55, 0x95, 0x95, 0x55, 0x51, 0x54, 0x65, 0x55, 0x65, 0x56, 0x51, 0x51, 0x51, 0x55,
        0x55, 0x15, 0x50, 0x95, 0x92, 0x15, 0x15, 0x55, 0x55, 0x55, 0x4A, 0x11, 0x98, 0x55, 0x90, 0x51,
        0x95, 0x44, 0x55, 0x55, 0x55, 0x52, 0x55, 0x56, 0x99, 0x51, 0x55, 0x55, 0x55, 0x51, 0x55, 0x90,
        0x45, 0x56, 0x55, 0x55, 0x55, 0x55, 0x45, 0x54, 0x59, 0x51, 0x55, 0x5A, 0x55, 0x51, 0x59, 0x05,
        0x55, 0x55, 0x15, 0x11, 0x55, 0x56, 0x64, 0x55, 0x65, 0x51, 0x55, 0x55, 0xA6, 0x55, 0x91, 0x95,
        0x55, 0x55, 0x59, 0x59, 0x55, 0x91, 0x55, 0x55, 0x51, 0x55, 0x55, 0x15, 0x55, 0x54, 0x24, 0x15,
    },
    {   /* SOL_SEEDS_DRAW1_VEGAS */
        0xA1, 0x62, 0x6A, 0x02, 0x9A, 0x16, 0x50, 0xAA, 0xAA, 0xAA, 0xA6, 0xA8, 0xAA, 0x8A, 0x40, 0x1A,
        0x25, 0x8A, 0x86, 0xAA, 0xA0, 0xAA, 0x64, 0x8A, 0x6A, 0x86, 0xAA, 0x94, 0x22, 0xAA, 0xA6, 0x98,
        0x22, 0x08, 0xA8, 0x69, 0xAA, 0x40, 0x08, 0xAA, 0xA9, 0x58, 0xAA, 0x01, 0x5A, 0xAA, 0x2A, 0xAA,
        0xA1, 0xAA, 0x62, 0x22, 0x9A, 0x40, 0xA6, 0x50, 0x12, 0xAA, 0x0A, 0xA8, 0x22, 0x1A, 0x4A, 0x26,
        0x6A, 0x1A, 0x9A, 0xAA, 0xA8, 0x99, 0x0A, 0x8A, 0x9A, 0x09, 0x28, 0x0A, 0x85, 0x99, 0x12, 0xA8,
        0x08, 0x1A, 0xA9, 0x1A, 0x05, 0x46, 0x99, 0x90, 0xAA, 0xA1, 0x9A, 0x2A, 0x1A, 0x42, 0xA8, 0x28,
        0x18, 0x28, 0x6A, 0xA6, 0xA8, 0x1A, 0x2A, 0x88, 0xAA, 0x4A, 0x46, 0x0A, 0xA8, 0xAA, 0xA1, 0xA9,
        0xAA, 0x2A, 0xA4, 0xAA, 0x2A, 0xA9, 0x5A, 0xA2, 0x2A, 0x8A, 0x0A, 0x99, 0xA2, 0x5A, 0x20, 0x08,
        0x8A, 0xA6, 0x92, 0xAA, 0x0A, 0xAA, 0x8A, 0x2A, 0x2A, 0xAA, 0x5A, 0x28, 0xAA, 0xA6, 0x69, 0x99,
        0x64, 0x98, 0x89, 0xA4, 0x42, 0x14, 0xA0, 0xA8, 0x96, 0x89, 0xA8, 0x6A, 0x16, 0x2A, 0x8A, 0x29,
        0x84, 0x6A, 0x64, 0x66, 0xAA, 0x6A, 0x62, 0x98, 0xA6, 0xA9, 0x89, 0x8A, 0x82, 0x9A, 0x6A, 0x28,
        0x21, 0x0A, 0x49, 0x22, 0x21, 0x56, 0x86, 0x59, 0x19, 0xAA, 0x20, 0x2A, 0xA6, 0x56, 0xA0, 0x86,
        0x2A, 0x99, 0x66, 0x22, 0x18, 0x8A, 0x29, 0x85, 0x62, 0xA9, 0x62, 0xAA, 0x92, 0x4A, 0xA2, 0x26,
        0x9A, 0x82, 0x60, 0x22, 0x94, 0x98, 0x21, 0xAA, 0x2A, 0xA4, 0x22, 0x0A, 0xAA, 0x28, 0xA6, 0x26,
        0x20, 0x24, 0x6A, 0x90, 0x82, 0xAA, 0xAA, 0x58, 0x98, 0x99, 0x28, 0xA1, 0x2A, 0xA8, 0x99, 0x49,
        0x06, 0x4A, 0x2A, 0xAA, 0x89, 0x89, 0xA0, 0x02, 0x9A, 0xA0, 0x22, 0x80, 0x80, 0xA2, 0xA6, 0xA9,
        0x68, 0x96, 0xA8, 0x28, 0xA6, 0x2A, 0x2A, 0x89, 0x08, 0x2A, 0x89, 0xA8, 0x59, 0xAA, 0xA2, 0x08,
        0x8A, 0xA6, 0xAA, 0x62, 0xA2, 0xAA, 0xA9, 0x9A, 0x22, 0xA1, 0xA2, 0x88, 0x9A, 0x05, 0x6A, 0xAA,
        0x2A, 0x96, 0xA2, 0xA6, 0x6A, 0xA8, 0x6A, 0x2A, 0xA8, 0x29, 0xAA, 0xA2, 0xA1, 0x26, 0x22, 0xA9,
        0x02, 0x82, 0xAA, 0xAA, 0xA6, 0x96, 0x26, 0x26, 0x0A, 0x9A, 0xAA, 0xAA, 0x22, 0xA0, 0x22, 0x28,
        0x92, 0x92, 0xA8, 0x6A, 0xAA, 0x28, 0xAA, 0x8A, 0x1A, 0x4A, 0x96, 0x26, 0x6A, 0x8A, 0xA0, 0x9A,
        0x4A, 0x28, 0x4A, 0x82, 0x84, 0x28, 0x66, 0xA0, 0xA8, 0x4A, 0xA8, 0x28, 0x16, 0x82, 0x82, 0xA0,
        0x8A, 0x89, 0x86, 0x2A, 0x26, 0xAA, 0xA0, 0x42, 0x8A, 0xA2, 0x02, 0x18, 0xA2, 0x24, 0xA5, 0x02,
        0x89, 0x91, 0x22, 0x9A, 0xA8, 0x8A, 0xAA, 0x22, 0x28, 0x5A, 0x20, 0x86, 0x08, 0x9A, 0xA0, 0x4A,
        0x66, 0x92, 0x62, 0x52, 0xA0, 0x86, 0x18, 0x82, 0xA8, 0x8A, 0x2A, 0x46, 0xA9, 0xA2, 0x9A, 0x22,
        0x2A, 0x5A, 0x1A, 0x80, 0xA6, 0xA6, 0xA6, 0x5A, 0xA9, 0xA6, 0x0A, 0x44, 0x56, 0x2A, 0xAA, 0xA6,
        0x65, 0x21, 0x0A, 0xA6, 0x22, 0x29, 0xA6, 0x89, 0xA9, 0x09, 0x2A, 0x82, 0x9A, 0x82, 0xA6, 0x82,
        0xA2, 0xA9, 0xAA, 0xA8, 0x62, 0x68, 0x98, 0x5A, 0x06, 0x49, 0x91, 0x62, 0xAA, 0x98, 0xA0, 0x18,
        0xAA, 0xAA, 0xAA, 0xA8, 0x60, 0xA8, 0x22, 0xA9, 0x00, 0x91, 0xA8, 0x68, 0x55, 0x01, 0x80, 0x50,
        0x98, 0x89, 0x05, 0x62, 0x84, 0xA0, 0xA6, 0x88, 0xA2, 0x80, 0x82, 0x8A, 0x26, 0x0A, 0x2A, 0x2A,
        0x81, 0x06, 0xAA, 0xAA, 0x19, 0x88, 0x9A, 0xA6, 0xA2, 0x2A, 0x92, 0xAA, 0x82, 0xA9, 0x5A, 0xA2,
        0x2A, 0xA6, 0x65, 0x8A, 0x8A, 0xA6, 0x22, 0x2A, 0xA0, 0x60, 0x2A, 0x26, 0x28, 0x88, 0xA2, 0xA9,
        0x20, 0x00, 0xA5, 0x1A, 0xA4, 0xA0, 0x2A, 0x89, 0x88, 0x9A, 0x1A, 0x98, 0x06, 0xAA, 0x9A, 0x68,
        0xA5, 0xA6, 0xA1, 0x14, 0x6A, 0x84, 0x28, 0xAA, 0x8A, 0x98, 0x12, 0x06, 0x49, 0x69, 0xA8, 0xA4,
        0x62, 0x06, 0xA8, 0x22, 0x8A, 0x48, 0x99, 0xA2, 0x58, 0xAA, 0x82, 0x28, 0xA5, 0x09, 0x69, 0x8A,
        0xA9, 0x82, 0xA9, 0x8A, 0x89, 0x9A, 0x19, 0x4A, 0x84, 0x18, 0xA0, 0xAA, 0x26, 0xA2, 0x54, 0x00,
        0x82, 0x9A, 0xA5, 0x68, 0xA5, 0x96, 0x92, 0x49, 0xAA, 0x8A, 0xA5, 0xA9, 0x9A, 0x95, 0xAA, 0x46,
        0xA8, 0x61, 0xAA, 0xA8, 0xAA, 0xA2, 0xAA, 0xA2, 0x28, 0x9A, 0xAA, 0x22, 0x85, 0x86, 0xA0, 0x16,
        0xAA, 0x99, 0x22, 0x64, 0xAA, 0x89, 0xA6, 0x4A, 0x96, 0x28, 0x20, 0x6A, 0x19, 0xA8, 0x2A, 0x8A,
        0x2A, 0x2A, 0x2A, 0xAA, 0x40, 0x6A, 0x8A, 0x22, 0xA5, 0xA9, 0xA8, 0x19, 0x58, 0xAA, 0x8A, 0x22,
        0x99, 0xA2, 0x82, 0x69, 0x4A, 0x92, 0xA9, 0x66, 0x89, 0xAA, 0x68, 0x82, 0x02, 0x88, 0x62, 0x14,
        0x21, 0x92, 0xAA, 0x86, 0xAA, 0x22, 0x96, 0xA8, 0x98, 0x8A, 0x8A, 0x2A, 0x91, 0xAA, 0xA2, 0xAA,
        0x98, 0xA9, 0x92, 0x64, 0x69, 0xAA, 0x6A, 0x1A, 0x6A, 0xA8, 0x6A, 0x2A, 0x9A, 0x22, 0x20, 0x98,
        0x42, 0x9A, 0x0A, 0xA2, 0x2A, 0xAA, 0xA2, 0xA8, 0x09, 0x28, 0x22, 0x22, 0x2A, 0x86, 0x42, 0x26,
        0x6A, 0xAA, 0x6A, 0xA2, 0x82, 0xA8, 0xA6, 0x86, 0xAA, 0x1A, 0x84, 0xAA, 0xA2, 0x8A, 0x96, 0x9A,
        0x88, 0x86, 0x68, 0x0A, 0x0A, 0x9A, 0x2A, 0x20, 0xA2, 0xAA, 0x88, 0x99, 0x69, 0xA6, 0x8A, 0x22,
        0x64, 0x69, 0x92, 0x2A, 0xA8, 0x99, 0x84, 0xA1, 0xA2, 0xAA, 0xA9, 0x20, 0x28, 0xAA, 0x5A, 0x96,
        0x62, 0xA4, 0x2A, 0xA9, 0xA1, 0xAA, 0x80, 0x92, 0x98, 0xA6, 0xAA, 0x59, 0xA4, 0xA8, 0xAA, 0xA8,
        0xA9, 0x5A, 0x95, 0xA2, 0x06, 0x6A, 0x86, 0x6A, 0x69, 0x90, 0x20, 0xAA, 0x28, 0x88, 0x21, 0xA2,
        0xA8, 0x82, 0xA6, 0x0A, 0x99, 0x28, 0x9A, 0x10, 0x81, 0xA5, 0x6A, 0x29, 0xAA, 0x8A, 0xA9, 0x25,
        0x24, 0x88, 0xAA, 0x92, 0xA0, 0x6A, 0xA9, 0x24, 0xA0, 0x6A, 0x96, 0x59, 0x58, 0x2A, 0xAA, 0xAA,
        0x88, 0x6A, 0xAA, 0xA6, 0xA6, 0xAA, 0xAA, 0x50, 0xA2, 0x61, 0xAA, 0x2A, 0x68, 0x00, 0x68, 0x86,
        0x4A, 0x11, 0xAA, 0x4A, 0x26, 0xAA, 0x88, 0xA0, 0x82, 0xA8, 0x21, 0x96, 0x29, 0x20, 0xA2, 0xAA,
        0x26, 0x94, 0xA8, 0x09, 0x22, 0x5A, 0xAA, 0xAA, 0xA8, 0xAA, 0x42, 0x00, 0x94, 0xAA, 0x6A, 0x62,
        0x2A, 0x9A, 0xA1, 0x88, 0x60, 0x9A, 0xA2, 0x68, 0xAA, 0x15, 0x89, 0x62, 0xAA, 0x28, 0xA2, 0x01,
        0x2A, 0x2A, 0x41, 0x62, 0x9A, 0x80, 0x12, 0xAA, 0x22, 0x8A, 0x20, 0xA9, 0x86, 0x46, 0x82, 0x58,
        0xAA, 0x82, 0x6A, 0xA2, 0x61, 0x29, 0xA9, 0xA2, 0x20, 0xAA, 0xA9, 0x28, 0xA6, 0x89, 0x81, 0xA8,
        0x08, 0xA5, 0x00, 0xAA, 0x4A, 0x82, 0x84, 0xA2, 0x48, 0x82, 0xAA, 0xA9, 0x1A, 0x44, 0x09, 0x86,
        0x28, 0x58, 0x98, 0x90, 0x22, 0x29, 0x58, 0xA8, 0x08, 0x69, 0x9A, 0x0A, 0x21, 0xA2, 0x9A, 0x5A,
        0x8A, 0xA1, 0xAA, 0x9A, 0x69, 0x29, 0x81, 0x4A, 0xA4, 0xA9, 0x52, 0x28, 0x68, 0x29, 0x88, 0xA4,
        0xA2, 0x89, 0x68, 0x26, 0x02, 0x24, 0x6A, 0x82, 0xAA, 0xA4, 0x8A, 0x4A, 0x9A, 0x8A, 0x92, 0x6A,
        0x6A, 0xA9, 0x98, 0x9A, 0x22, 0xA9, 0xA4, 0x16, 0xAA, 0xA9, 0xA2, 0x88, 0x99, 0x00, 0x22, 0x08,
        0x9A, 0xA6, 0x2A, 0x94, 0xAA, 0x84, 0xA8, 0xA8, 0x28, 0xA0, 0x8A, 0xAA, 0xA8, 0x84, 0x82, 0x62,
        0xA8, 0xAA, 0x8A, 0xAA, 0xA2, 0x69, 0x58, 0xA8, 0x22, 0x21, 0x06, 0x88, 0x98, 0xAA, 0xA6, 0x8A,
        0xA2, 0x95, 0x58, 0xA6, 0x58, 0x26, 0xA8, 0xAA, 0x8A, 0xA8, 0x22, 0x2A, 0xA2, 0xA6, 0x96, 0x82,
        0x0A, 0x0A, 0xA8, 0xA2, 0x9A, 0xAA, 0xAA, 0x81, 0xA0, 0x21, 0x18, 0xA8, 0x98, 0x9A, 0x28, 0x29,
        0x6A, 0x04, 0xAA, 0x26, 0x4A, 0xAA, 0x22, 0xAA, 0x8A, 0xA8, 0xAA, 0x80, 0x8A, 0x98, 0x65, 0xA6,
        0x00, 0x82, 0x21, 0x8A, 0x8A, 0x58, 0xA2, 0x25, 0xAA, 0x91, 0x46, 0x0A, 0xA4, 0xA8, 0xA5, 0xAA,
        0x10, 0x2A, 0xA8, 0xAA, 0x15, 0x89, 0x2A, 0x2A, 0xA4, 0x28, 0x24, 0x98, 0xAA, 0x52, 0x48, 0x92,
        0xAA, 0xA0, 0xAA, 0x12, 0x12, 0x2A, 0x88, 0x48, 0x6A, 0xAA, 0xA6, 0x61, 0x09, 0xA6, 0x9A, 0xAA,
        0x22, 0x2A, 0xA9, 0x02, 0xAA, 0x29, 0x82, 0x68, 0x2A, 0x22, 0xA8, 0x20, 0xAA, 0xA1, 0x41, 0x11,
        0x80, 0x2A, 0x4A, 0x96, 0x14, 0x88, 0x58, 0x96, 0x8A, 0x66, 0x08, 0x92, 0xA0, 0x91, 0xA1, 0xA2,
        0x2A, 0x50, 0x25, 0xA6, 0xAA, 0x8A, 0x05, 0xAA, 0x42, 0x1A, 0x48, 0x69, 0x28, 0x8A, 0xAA, 0x26,
        0x16, 0x06, 0x62, 0x68, 0x0A, 0xAA, 0xA2, 0xA5, 0x2A, 0xA9, 0x00, 0x6A, 0x2A, 0x81, 0x08, 0x51,
        0x89, 0x40, 0x6A, 0xA8, 0xA8, 0x26, 0x09, 0xA8, 0xA0, 0x99, 0x0A, 0xA2, 0x69, 0x66, 0x8A, 0xAA,
        0x0A, 0x8A, 0x16, 0x58, 0x69, 0xA8, 0x9A, 0xA4, 0x02, 0x9A, 0x28, 0x86, 0x4A, 0xA9, 0x94, 0x52,
        0x82, 0x2A, 0x62, 0xA5, 0x8A, 0xA9, 0x0A, 0x06, 0x6A, 0x59, 0x82, 0x8A, 0x96, 0xAA, 0xAA, 0x15,
        0xAA, 0x89, 0xA6, 0x8A, 0x4A, 0xAA, 0xA9, 0xA9, 0x6A, 0x6A, 0xA2, 0x21, 0x88, 0x86, 0x10, 0x68,
        0xA2, 0x01, 0x20, 0x9A, 0xA2, 0xA6, 0xA2, 0x09, 0xAA, 0xA8, 0xAA, 0xA5, 0x62, 0xA6, 0xA4, 0x29,
        0x6A, 0xA8, 0xA2, 0x06, 0x09, 0xAA, 0x6A, 0x2A, 0xAA, 0xAA, 0x0A, 0x90, 0x08, 0x9A, 0x69, 0x68,
        0x95, 0xAA, 0xA6, 0x60, 0xAA, 0xAA, 0x22, 0x48, 0x2A, 0x0A, 0x08, 0x82, 0x2A, 0xA4, 0x82, 0x90,
        0x68, 0xA6, 0xA2, 0x8A, 0x5A, 0x49, 0x8A, 0xA2, 0x9A, 0x82, 0xA1, 0x69, 0xAA, 0x1A, 0x28, 0x2A,
        0x88, 0x5A, 0xA9, 0x91, 0x85, 0xA2, 0x82, 0xAA, 0xA8, 0xAA, 0x81, 0xA8, 0x49, 0x99, 0x0A, 0xAA,
        0x09, 0x91, 0x2A, 0xA8, 0x2A, 0xAA, 0xAA, 0x00, 0x88, 0x81, 0x28, 0x40, 0xA1, 0xA8, 0xAA, 0xA2,
        0x2A, 0x94, 0xA4, 0x46, 0x59, 0xAA, 0x60, 0xAA, 0xA6, 0x22, 0x88, 0x48, 0x4A, 0xA9, 0x22, 0x20,
        0x9A, 0xA6, 0x4A, 0x46, 0xAA, 0xA1, 0x62, 0xA4, 0xA9, 0x68, 0xA6, 0x42, 0x29, 0x24, 0x98, 0xA0,
        0x99, 0xA5, 0x8A, 0x60, 0x46, 0x2A, 0x68, 0x29, 0x95, 0x02, 0x41, 0x9A, 0xAA, 0x24, 0x09, 0x80,
        0x0A, 0x5A, 0x98, 0xA9, 0x26, 0x25, 0xAA, 0xAA, 0xA1, 0xAA, 0x6A, 0xAA, 0x80, 0x96, 0x08, 0x28,
        0xA4, 0x02, 0x28, 0x6A, 0xA6, 0x20, 0x0A, 0x60, 0x6A, 0x92, 0xAA, 0xA6, 0x18, 0x62, 0x82, 0xA1,
        0xAA, 0xAA, 0x28, 0xA9, 0x26, 0x9A, 0x91, 0xAA, 0xA6, 0x8A, 0x08, 0xA2, 0xA4, 0x42, 0x1A, 0x89,
        0xAA, 0x90, 0xAA, 0x08, 0x1A, 0x20, 0xA4, 0x9A, 0xAA, 0x19, 0x80, 0x62, 0x41, 0x6A, 0xA9, 0x04,
        0xAA, 0x88, 0x64, 0x2A, 0xA1, 0xAA, 0x6A, 0xA6, 0x16, 0x4A, 0xA8, 0x90, 0x04, 0x92, 0x90, 0x62,
        0x29, 0x2A, 0x8A, 0xA2, 0xAA, 0xA8, 0x01, 0x2A, 0x98, 0xA0, 0x8A, 0x88, 0x8A, 0x28, 0x88, 0xAA,
        0xAA, 0xA6, 0x92, 0x09, 0x5A, 0x24, 0x6A, 0x8A, 0xA2, 0xA6, 0xAA, 0x40, 0x09, 0xA0, 0x98, 0x21,
        0x20, 0xA9, 0x0A, 0x98, 0xA8, 0x8A, 0x98, 0x06, 0xA8, 0xAA, 0x89, 0xA0, 0x96, 0xA8, 0x2A, 0x25,
        0xA0, 0x80, 0x25, 0x88, 0xA6, 0x04, 0x68, 0x22, 0x8A, 0x84, 0x86, 0x9A, 0xAA, 0x8A, 0x9A, 0xA8,
        0xAA, 0xAA, 0x64, 0x81, 0x96, 0x50, 0x08, 0x90, 0x81, 0xA6, 0xA8, 0xA8, 0x9A, 0x68, 0x89, 0x94,
        0x22, 0xA6, 0x66, 0x68, 0xA0, 0xA2, 0x29, 0xA6, 0x9A, 0xAA, 0xAA, 0xAA, 0x98, 0x92, 0x5A, 0x6A,
        0xA9, 0x99, 0xA8, 0x26, 0x49, 0xAA, 0x66, 0xA2, 0x8A, 0x82, 0xAA, 0x60, 0x86, 0xAA, 0x2A, 0x99,
        0x24, 0xA2, 0x86, 0xA0, 0x2A, 0xA8, 0x98, 0xAA, 0x6A, 0x6A, 0x29, 0x26, 0x94, 0x88, 0x20, 0x88,
        0x88, 0x05, 0x0A, 0x5A, 0x02, 0x89, 0x66, 0x5A, 0x99, 0x21, 0xAA, 0xA9, 0x9A, 0x91, 0x29, 0x6A,
        0xA0, 0x48, 0x9A, 0xAA, 0x9A, 0x18, 0xA8, 0xAA, 0x2A, 0x99, 0x5A, 0xAA, 0x96, 0xAA, 0x92, 0xA4,
        0x06, 0x0A, 0x2A, 0x11, 0xA9, 0xAA, 0xA8, 0x6A, 0xAA, 0x1A, 0x58, 0x89, 0x2A, 0x28, 0x4A, 0x84,
        0xA2, 0x2A, 0x22, 0xA8, 0x1A, 0x42, 0xA4, 0x4A, 0x88, 0x69, 0xA2, 0x8A, 0x52, 0xA1, 0x5A, 0x8A,
        0xA8, 0x2A, 0x9A, 0xA8, 0xA1, 0x89, 0x9A, 0x9A, 0xA8, 0x26, 0x06, 0x19, 0x2A, 0x89, 0x61, 0x0A,
        0x55, 0xAA, 0x8A, 0xA2, 0x82, 0x22, 0x6A, 0xAA, 0xA9, 0xAA, 0xA8, 0x9A, 0x89, 0x8A, 0x68, 0xA4,
        0x8A, 0x26, 0x2A, 0xA8, 0x66, 0xA2, 0xA2, 0xAA, 0x26, 0x28, 0xA5, 0x64, 0xA9, 0xA8, 0xA8, 0x69,
        0x94, 0x21, 0x8A, 0x98, 0x01, 0xA2, 0x0A, 0x4A, 0x26, 0x25, 0x92, 0x25, 0x80, 0x82, 0x81, 0x8A,
        0x21, 0x8A, 0x25, 0x04, 0xAA, 0xAA, 0x15, 0xAA, 0x58, 0xA9, 0x20, 0x2A, 0xA0, 0xAA, 0xA8, 0xA2,
        0x99, 0xA8, 0xAA, 0x8A, 0x8A, 0x49, 0x92, 0x6A, 0x8A, 0x02, 0xA2, 0x90, 0x89, 0x60, 0xAA, 0x8A,
        0x89, 0xA8, 0x6A, 0xA2, 0x02, 0x09, 0x9A, 0xA2, 0x92, 0xA6, 0x22, 0x8A, 0x88, 0x8A, 0x29, 0x8A,
        0xA8, 0xA8, 0x88, 0x94, 0x8A, 0x12, 0x66, 0x40, 0x2A, 0x22, 0x52, 0x2A, 0x89, 0x60, 0xA8, 0x82,
        0x20, 0x8A, 0xA6, 0xA2, 0x69, 0x92, 0x01, 0x56, 0x6A, 0x0A, 0xAA, 0xA5, 0x9A, 0xAA, 0xAA, 0x02,
        0xA0, 0x99, 0xA8, 0xA8, 0xA2, 0x61, 0x86, 0xA2, 0x9A, 0x20, 0xA6, 0x90, 0x12, 0xA1, 0x6A, 0xA8,
        0x62, 0x8A, 0x88, 0xAA, 0x66, 0x06, 0x99, 0x48, 0x9A, 0x68, 0xA4, 0x29, 0x9A, 0xA6, 0x82, 0x28,
        0x52, 0x60, 0x2A, 0x82, 0x5A, 0xAA, 0x96, 0xAA, 0x14, 0x68, 0x6A, 0xA8, 0xA1, 0x62, 0x6A, 0x82,
        0x42, 0x20, 0x8A, 0x2A, 0x19, 0xA8, 0x85, 0x88, 0xAA, 0x80, 0xAA, 0x88, 0x80, 0xA2, 0x56, 0xA2,
        0x2A, 0x2A, 0x82, 0x46, 0x8A, 0xA1, 0x12, 0xA4, 0x90, 0x89, 0x20, 0x29, 0xA8, 0x26, 0x8A, 0xAA,
        0x09, 0x06, 0x84, 0x86, 0x1A, 0x59, 0x40, 0xAA, 0xAA, 0x28, 0xA2, 0xAA, 0x24, 0x22, 0x0A, 0x6A,
        0x99, 0x0A, 0xAA, 0x6A, 0x96, 0xAA, 0xA6, 0xA6, 0xA8, 0xAA, 0x4A, 0x28, 0x89, 0xA4, 0x29, 0xA2,
        0x94, 0x2A, 0x4A, 0x41, 0xA8, 0x8A, 0x25, 0x18, 0x89, 0xA5, 0x89, 0x86, 0x86, 0x0A, 0x0A, 0xAA,
        0x68, 0x2A, 0x25, 0x19, 0x11, 0x86, 0x8A, 0xA2, 0x26, 0xAA, 0x85, 0x92, 0x02, 0xA5, 0x0A, 0x82,
        0xAA, 0x12, 0x48, 0x88, 0x2A, 0x6A, 0xAA, 0x84, 0x22, 0x04, 0x49, 0xA4, 0xA8, 0x2A, 0x86, 0xA1,
        0x91, 0x2A, 0x6A, 0x4A, 0x20, 0x0A, 0xA5, 0x48, 0x88, 0xA9, 0x85, 0x8A, 0xAA, 0x42, 0x98, 0x08,
        0x92, 0x06, 0xA0, 0x2A, 0xA2, 0xA9, 0xA6, 0xA6, 0xA6, 0x88, 0x98, 0x82, 0xA2, 0x8A, 0x22, 0xA4,
        0x08, 0x88, 0xAA, 0x52, 0x98, 0x62, 0xAA, 0x8A, 0x69, 0x26, 0xAA, 0xAA, 0x8A, 0xA2, 0x20, 0x25,
        0x8A, 0x90, 0x81, 0x98, 0x86, 0x21, 0x68, 0x6A, 0x82, 0x58, 0xA5, 0xA4, 0x89, 0x9A, 0x8A, 0x18,
        0x8A, 0x28, 0xAA, 0x8A, 0xAA, 0x4A, 0x56, 0xA4, 0xAA, 0x6A, 0x86, 0x60, 0x82, 0x69, 0x29, 0x89,
        0x5A, 0x0A, 0x86, 0x96, 0x88, 0xAA, 0x99, 0x52, 0x5A, 0x2A, 0x60, 0x88, 0x64, 0xA8, 0x52, 0x25,
        0x89, 0x29, 0xA1, 0xAA, 0x22, 0x95, 0xA6, 0x68, 0x24, 0x46, 0x90, 0xA1, 0xA6, 0x21, 0x64, 0x61,
        0x86, 0xAA, 0x8A, 0xA2, 0x82, 0x4A, 0x69, 0x20, 0x9A, 0x6A, 0x48, 0x62, 0xAA, 0x18, 0x9A, 0x16,
        0xA8, 0x94, 0x8A, 0xAA, 0x0A, 0xA2, 0x1A, 0x8A, 0x20, 0xA8, 0x6A, 0x29, 0xA9, 0x06, 0x0A, 0xAA,
        0xA2, 0x11, 0xAA, 0x28, 0x42, 0xA0, 0x66, 0x86, 0x12, 0x89, 0x2A, 0xA8, 0x1A, 0xA2, 0xAA, 0x8A,
        0xAA, 0xA8, 0x62, 0xA5, 0x45, 0xA9, 0x68, 0x64, 0x29, 0x6A, 0x2A, 0xA8, 0x84, 0xA8, 0x84, 0x58,
        0x82, 0xAA, 0xA9, 0x2A, 0x80, 0x64, 0x56, 0x19, 0xA8, 0x22, 0x8A, 0x82, 0x48, 0xAA, 0x2A, 0x66,
        0x89, 0xA4, 0x0A, 0x19, 0xA5, 0x21, 0x9A, 0x92, 0x44, 0xA9, 0x2A, 0x82, 0xAA, 0x82, 0x00, 0x6A,
        0x2A, 0x6A, 0x84, 0x46, 0x8A, 0x86, 0x8A, 0x12, 0xA6, 0x2A, 0xAA, 0x2A, 0x9A, 0xA4, 0xA6, 0xA2,
        0x6A, 0xAA, 0x98, 0x4A, 0xA2, 0x48, 0x08, 0xAA, 0xA2, 0x82, 0x9A, 0x69, 0x5A, 0x9A, 0x2A, 0x12,
        0xA9, 0x26, 0x8A, 0x2A, 0x8A, 0xA0, 0xA9, 0x9A, 0x55, 0x9A, 0x92, 0x46, 0x62, 0x90, 0x9A, 0x42,
        0x2A, 0x91, 0xA9, 0x12, 0xA0, 0xA6, 0xA9, 0x88, 0x50, 0x2A, 0x8A, 0xA2, 0x08, 0xAA, 0x9A, 0x8A,
        0x48, 0xA0, 0x9A, 0xA2, 0xA2, 0x8A, 0xA8, 0xA6, 0x66, 0x69, 0xA9, 0xA0, 0x96, 0x24, 0xA1, 0xA9,
        0xA4, 0x68, 0xA6, 0x9A, 0x6A, 0x22, 0x2A, 0xAA, 0x49, 0xA2, 0x20, 0xAA, 0xA2, 0xAA, 0x6A, 0x86,
        0x12, 0x90, 0x95, 0x88, 0xAA, 0x9A, 0x98, 0x82, 0xA2, 0x28, 0x8A, 0x22, 0xAA, 0xAA, 0x9A, 0xA9,
        0x8A, 0x86, 0x2A, 0x92, 0xA2, 0x5A, 0x68, 0x6A, 0x9A, 0xA1, 0xAA, 0x6A, 0x68, 0x68, 0xAA, 0x88,
        0xAA, 0x9A, 0x86, 0x0A, 0x28, 0xA2, 0xAA, 0x8A, 0x68, 0x28, 0x02, 0xA1, 0x8A, 0x99, 0xAA, 0x69,
        0x29, 0x6A, 0x8A, 0x69, 0xA0, 0x89, 0xAA, 0xA8, 0x1A, 0x6A, 0xAA, 0x99, 0xAA, 0x01, 0x92, 0x81,
        0xAA, 0x62, 0x8A, 0x0A, 0xAA, 0xA9, 0x88, 0xA6, 0xA6, 0x98, 0x24, 0x2A, 0x81, 0xA9, 0x68, 0xAA,
        0x28, 0x9A, 0x26, 0x20, 0xA6, 0x8A, 0x9A, 0x92, 0x69, 0x8A, 0x2A, 0x00, 0x98, 0x2A, 0xA9, 0xA4,
        0xAA, 0x68, 0xA9, 0xA4, 0x4A, 0xAA, 0xA0, 0x68, 0x14, 0x90, 0x52, 0x52, 0x26, 0x42, 0x66, 0xA8,
        0xA5, 0xA8, 0xA8, 0x6A, 0xA9, 0xA2, 0x2A, 0xA2, 0x4A, 0x20, 0xAA, 0x28, 0x60, 0x2A, 0x92, 0x65,
        0x99, 0x54, 0xA0, 0x80, 0x90, 0x62, 0xA0, 0xA2, 0x6A, 0xA2, 0xAA, 0x6A, 0xAA, 0xA8, 0x54, 0x06,
        0x68, 0x4A, 0x86, 0xAA, 0xA9, 0xA2, 0x8A, 0xA9, 0x26, 0x04, 0xA0, 0x29, 0x5A, 0x29, 0x28, 0x9A,
        0x22, 0x22, 0x99, 0xA6, 0xA9, 0x8A, 0x61, 0x2A, 0xA4, 0xA0, 0xA1, 0xA2, 0xA2, 0x02, 0x82, 0xA4,
        0x98, 0x10, 0x48, 0x2A, 0x01, 0x24, 0x98, 0x85, 0x09, 0x45, 0x89, 0x96, 0x25, 0x88, 0xA6, 0x02,
        0xA8, 0xA2, 0xAA, 0xA0, 0x4A, 0x1A, 0x99, 0xA0, 0x85, 0xA8, 0x49, 0xA9, 0x92, 0x92, 0xA0, 0x96,
        0x02, 0x2A, 0x91, 0x22, 0x28, 0xAA, 0x89, 0x98, 0xA6, 0xA2, 0x99, 0xA2, 0xA1, 0x12, 0x6A, 0x68,
        0xAA, 0xAA, 0x68, 0xAA, 0x2A, 0x16, 0x6A, 0x52, 0x28, 0xAA, 0x99, 0x2A, 0xAA, 0xA2, 0x49, 0x9A,
        0x85, 0x0A, 0x92, 0xAA, 0x25, 0x61, 0xA6, 0x25, 0xA6, 0x4A, 0xAA, 0x65, 0x90, 0xAA, 0xA5, 0x8A,
        0xA4, 0xA5, 0xAA, 0xA6, 0x88, 0x49, 0xAA, 0x25, 0x28, 0x81, 0xA8, 0x02, 0xAA, 0x02, 0xA8, 0x88,
        0x28, 0x8A, 0x6A, 0xA4, 0x89, 0x69, 0x22, 0xA8, 0x61, 0xAA, 0x0A, 0x2A, 0xA8, 0x28, 0xA9, 0x88,
        0xA1, 0x6A, 0x18, 0x82, 0x41, 0x14, 0x2A, 0x26, 0x86, 0x88, 0x22, 0xA2, 0xA9, 0x52, 0xA0, 0x99,
        0x18, 0xA8, 0x20, 0x11, 0x4A, 0xAA, 0x2A, 0x4A, 0x9A, 0x82, 0xA6, 0x25, 0xAA, 0xA9, 0xA9, 0xA5,
        0x28, 0xA8, 0xA8, 0x1A, 0x88, 0x99, 0x80, 0xAA, 0x22, 0x26, 0x25, 0x92, 0x58, 0xA2, 0x86, 0xA9,
        0xA9, 0x68, 0xA8, 0x2A, 0x62, 0x98, 0x2A, 0x54, 0x22, 0x66, 0xA0, 0x65, 0x98, 0xA2, 0x99, 0x98,
        0x68, 0x8A, 0x2A, 0xA0, 0xAA, 0x2A, 0x0A, 0xA6, 0x62, 0x0A, 0x80, 0x82, 0x26, 0x88, 0x1A, 0xA2,
        0x88, 0x8A, 0xA2, 0x68, 0xA5, 0x82, 0x26, 0x2A, 0x88, 0x8A, 0xA9, 0x1A, 0x24, 0x68, 0x19, 0x5A,
        0xAA, 0xAA, 0x66, 0xA2, 0x2A, 0x89, 0x68, 0xAA, 0xA9, 0x24, 0x8A, 0xAA, 0x92, 0xA2, 0x96, 0x49,
        0x86, 0x28, 0x1A, 0x56, 0xAA, 0x9A, 0x66, 0xA2, 0xA1, 0x2A, 0x22, 0xAA, 0x26, 0xAA, 0x2A, 0xAA,
        0xA0, 0x2A, 0xA6, 0x89, 0xA2, 0x66, 0x9A, 0x18, 0x88, 0x69, 0xA9, 0xAA, 0xA6, 0x92, 0x12, 0x98,
        0x11, 0x8A, 0x20, 0xAA, 0xA8, 0x9A, 0x2A, 0x82, 0x8A, 0xA1, 0x8A, 0x4A, 0xA1, 0x9A, 0x48, 0xA8,
        0x89, 0x98, 0x92, 0xA8, 0xA5, 0xA0, 0xA9, 0xAA, 0xA6, 0x6A, 0xAA, 0x10, 0xA5, 0x82, 0x60, 0xA1,
        0xA2, 0x2A, 0xAA, 0x6A, 0xA9, 0x06, 0x88, 0x86, 0x95, 0x14, 0x8A, 0xA9, 0xAA, 0x9A, 0x9A, 0x22,
        0xA8, 0x98, 0x6A, 0x64, 0xAA, 0xA4, 0x04, 0x4A, 0x8A, 0x96, 0xAA, 0x5A, 0x6A, 0xA8, 0xAA, 0xAA,
        0x56, 0x98, 0x21, 0xA4, 0x88, 0x8A, 0x1A, 0x05, 0x9A, 0x94, 0x8A, 0xAA, 0x28, 0x1A, 0x58, 0x1A,
        0x92, 0xA2, 0x26, 0x00, 0x86, 0x64, 0xA2, 0x44, 0xA1, 0x62, 0xA8, 0xAA, 0xA2, 0x88, 0x6A, 0x68,
        0x64, 0x82, 0xAA, 0xA2, 0x8A, 0x9A, 0xA5, 0x8A, 0xAA, 0xAA, 0x52, 0xA9, 0x89, 0x9A, 0x88, 0xAA,
        0x62, 0xA2, 0x42, 0x18, 0x25, 0xA2, 0x22, 0xA0, 0x2A, 0x68, 0x88, 0xA6, 0xAA, 0x9A, 0x0A, 0x0A,
        0x2A, 0x9A, 0x4A, 0x25, 0x9A, 0xAA, 0x8A, 0x68, 0x10, 0xA8, 0x69, 0xA9, 0x11, 0x1A, 0xAA, 0x9A,
        0xA0, 0xA9, 0x24, 0xA2, 0x98, 0x48, 0x92, 0xA6, 0xA8, 0x48, 0x66, 0xA6, 0x82, 0xA0, 0x89, 0x9A,
        0x24, 0x26, 0xA4, 0x99, 0x98, 0x20, 0x66, 0xAA, 0xA9, 0xAA, 0x66, 0x68, 0x2A, 0x2A, 0x28, 0x8A,
        0x02, 0x0A, 0x89, 0x8A, 0x28, 0x0A, 0x08, 0x24, 0x28, 0x8A, 0x65, 0x68, 0x59, 0xAA, 0x26, 0x51,
        0x60, 0x2A, 0x04, 0x20, 0x02, 0x16, 0x48, 0x81, 0x68, 0x2A, 0x6A, 0x44, 0xA9, 0x26, 0x0A, 0x64,
        0x9A, 0x88, 0xA2, 0x26, 0x68, 0x49, 0x99, 0xA5, 0x9A, 0xA4, 0xAA, 0xA2, 0xA9, 0x0A, 0x02, 0xA8,
        0x29, 0xA0, 0x9A, 0x45, 0xA1, 0x68, 0xA4, 0xA8, 0xAA, 0xAA, 0xAA, 0xA6, 0x16, 0xA2, 0xA2, 0x6A,
        0x82, 0x89, 0x46, 0x68, 0x98, 0x16, 0x0A, 0x5A, 0x18, 0x99, 0xAA, 0x55, 0xA9, 0x86, 0x2A, 0x28,
        0x94, 0x40, 0x6A, 0x22, 0xA8, 0x01, 0x4A, 0x24, 0x92, 0x90, 0x96, 0x02, 0x5A, 0xAA, 0x21, 0x68,
        0x05, 0xA2, 0x26, 0x22, 0xA6, 0x86, 0x88, 0x8A, 0xA2, 0x6A, 0x42, 0x18, 0x98, 0xAA, 0xAA, 0x68,
        0xA4, 0x90, 0x29, 0xAA, 0x98, 0xAA, 0x82, 0x9A, 0x65, 0xA0, 0x24, 0x0A, 0xA2, 0x68, 0x80, 0xAA,
        0xA6, 0x28, 0x88, 0x18, 0x92, 0x92, 0x9A, 0xA0, 0x16, 0x9A, 0x98, 0x51, 0x2A, 0xA2, 0x9A, 0x06,
        0x06, 0x2A, 0x2A, 0xAA, 0xAA, 0x2A, 0x48, 0x28, 0xA8, 0x20, 0x21, 0x22, 0x95, 0xAA, 0xA2, 0xA8,
        0xA9, 0x80, 0xA2, 0x8A, 0xAA, 0x51, 0x62, 0xA6, 0xA2, 0xA2, 0x4A, 0xA8, 0xA4, 0x68, 0x06, 0xA4,
        0x96, 0x9A, 0xA2, 0xAA, 0xA4, 0xAA, 0x94, 0x92, 0x10, 0x98, 0x29, 0x64, 0xA8, 0xA8, 0xA1, 0xA9,
        0x9A, 0x81, 0x21, 0x51, 0x61, 0x8A, 0xA9, 0xAA, 0x22, 0xAA, 0x86, 0x2A, 0x8A, 0x02, 0x8A, 0x2A,
        0x92, 0x94, 0xA6, 0x9A, 0x12, 0x29, 0x1A, 0x09, 0x26, 0x29, 0x69, 0x82, 0x9A, 0xA4, 0xA8, 0x62,
        0xAA, 0x6A, 0x8A, 0xA6, 0x68, 0xA8, 0x0A, 0x88, 0xAA, 0xA2, 0xAA, 0x42, 0x46, 0x0A, 0x8A, 0x82,
        0x89, 0xAA, 0xA2, 0x89, 0x99, 0x8A, 0x82, 0x6A, 0x46, 0x48, 0xA2, 0x68, 0x8A, 0x82, 0x26, 0x09,
        0x26, 0x60, 0x6A, 0x9A, 0xA2, 0x2A, 0x94, 0xA9, 0xAA, 0xAA, 0xA2, 0x11, 0x86, 0x56, 0xA0, 0x6A,
        0x84, 0x08, 0xAA, 0x6A, 0xAA, 0x48, 0x9A, 0x06, 0x24, 0x2A, 0xA9, 0x92, 0x89, 0x6A, 0x2A, 0xAA,
        0xA8, 0xA0, 0xA9, 0x18, 0x69, 0x22, 0x69, 0xAA, 0x12, 0x0A, 0x2A, 0x69, 0xA2, 0xAA, 0x1A, 0xA6,
        0x2A, 0x86, 0x2A, 0xA4, 0x98, 0x99, 0x6A, 0x20, 0x84, 0xAA, 0x2A, 0x6A, 0xA9, 0xA9, 0x52, 0xA9,
        0x29, 0x6A, 0x05, 0x28, 0xA6, 0x86, 0x21, 0x28, 0x9A, 0x92, 0x66, 0x59, 0xA8, 0xA0, 0x1A, 0x58,
        0x8A, 0x62, 0x9A, 0xA4, 0x64, 0x1A, 0x06, 0xA1, 0xA0, 0xA0, 0xA8, 0x6A, 0x82, 0x2A, 0x21, 0x46,
        0xA0, 0xA6, 0xA8, 0x21, 0x89, 0x22, 0x2A, 0x98, 0xA2, 0x89, 0xA0, 0x46, 0x80, 0x56, 0x98, 0x9A,
        0x1A, 0x2A, 0x5A, 0xA0, 0x4A, 0xA9, 0x2A, 0xAA, 0x26, 0x2A, 0x99, 0xAA, 0xA9, 0x12, 0x5A, 0xA5,
        0xA6, 0xA8, 0x98, 0xA6, 0x04, 0x9A, 0x1A, 0xA0, 0xA5, 0x20, 0xA4, 0x89, 0xA8, 0xA9, 0x09, 0xA8,
        0xA4, 0x02, 0xA1, 0x1A, 0x6A, 0xAA, 0x6A, 0x66, 0x68, 0x90, 0x1A, 0x6A, 0x62, 0x18, 0x26, 0x9A,
        0x62, 0x22, 0x26, 0x25, 0x9A, 0x99, 0x8A, 0xA8, 0x2A, 0x62, 0x02, 0x8A, 0x21, 0x0A, 0x88, 0x22,
        0x25, 0x88, 0x1A, 0x26, 0x6A, 0xA0, 0x99, 0x88, 0x8A, 0x88, 0x12, 0x88, 0x0A, 0xA8, 0x88, 0x98,
        0x42, 0x4A, 0xA8, 0xAA, 0xAA, 0x9A, 0x25, 0x58, 0xA8, 0x08, 0x96, 0xAA, 0x28, 0xAA, 0x4A, 0xA8,
        0x88, 0x62, 0x42, 0x81, 0x91, 0x21, 0xAA, 0xA6, 0x92, 0x42, 0x88, 0x1A, 0xA8, 0xA6, 0xA0, 0x6A,
        0xA1, 0x5A, 0xA6, 0x22, 0xA9, 0x81, 0x82, 0x64, 0x06, 0x28, 0xAA, 0x56, 0x00, 0xA0, 0x2A, 0x29,
        0x82, 0x86, 0xAA, 0xA2, 0x69, 0x12, 0x2A, 0xAA, 0x28, 0x82, 0xA6, 0x16, 0xAA, 0x22, 0xA6, 0xAA,
        0x18, 0xA4, 0xA0, 0xA9, 0xA2, 0x6A, 0x28, 0xA4, 0x82, 0x8A, 0xAA, 0x82, 0xA9, 0x2A, 0x06, 0x8A,
        0x2A, 0x9A, 0x96, 0x9A, 0xA8, 0x10, 0x08, 0x29, 0x80, 0x69, 0x1A, 0x1A, 0x26, 0x19, 0xAA, 0xA2,
        0x5A, 0x51, 0x20, 0xA1, 0x82, 0x82, 0x2A, 0x2A, 0xA0, 0x2A, 0xA2, 0xA6, 0xAA, 0xA2, 0xA6, 0x68,
        0x82, 0xAA, 0xAA, 0x6A, 0x94, 0x02, 0x28, 0x26, 0x6A, 0x89, 0xA8, 0xAA, 0xAA, 0x2A, 0x99, 0x86,
        0xA2, 0x92, 0x68, 0x92, 0x08, 0xA0, 0xA8, 0x96, 0xA6, 0x28, 0xA2, 0x6A, 0x98, 0xA8, 0x8A, 0x95,
        0x28, 0x6A, 0xAA, 0xAA, 0xAA, 0x8A, 0x68, 0x29, 0x2A, 0xAA, 0xAA, 0xAA, 0x68, 0x58, 0x59, 0x4A,
        0x2A, 0x62, 0xA8, 0xAA, 0xA1, 0x96, 0x82, 0x9A, 0x89, 0x98, 0x09, 0x41, 0x2A, 0x2A, 0x6A, 0xA8,
        0x6A, 0xA0, 0x2A, 0x46, 0xAA, 0x2A, 0x91, 0x88, 0x1A, 0x9A, 0x66, 0x99, 0x82, 0x46, 0xA6, 0x90,
        0xA6, 0x6A, 0x28, 0x68, 0x42, 0x2A, 0x96, 0x52, 0x18, 0x18, 0x16, 0x64, 0x68, 0xA8, 0x00, 0x5A,
        0x22, 0x99, 0xA8, 0xAA, 0x12, 0x28, 0x6A, 0xA5, 0x20, 0xAA, 0x8A, 0x68, 0xA8, 0x6A, 0xA8, 0xA0,
        0x46, 0x98, 0x21, 0x29, 0x22, 0xAA, 0xA8, 0x68, 0x1A, 0x60, 0x66, 0x82, 0xA5, 0x24, 0x2A, 0xAA,
        0xA8, 0x98, 0x6A, 0xA6, 0x04, 0x19, 0x49, 0x8A, 0xA8, 0x84, 0x98, 0x29, 0xAA, 0x98, 0x62, 0x1A,
        0xA8, 0xA6, 0x1A, 0xAA, 0x98, 0x2A, 0x49, 0x88, 0x20, 0x84, 0xAA, 0xAA, 0x06, 0xA5, 0x8A, 0x82,
        0x20, 0x6A, 0x05, 0x8A, 0x86, 0x82, 0xAA, 0x29, 0xA9, 0xA2, 0x5A, 0xAA, 0x28, 0xAA, 0xAA, 0x96,
        0x16, 0xA6, 0x61, 0xA2, 0x0A, 0xA6, 0x22, 0xA8, 0x08, 0xA8, 0x68, 0xA6, 0xA9, 0x1A, 0x24, 0x98,
        0x28, 0x09, 0x8A, 0x6A, 0x98, 0xAA, 0x82, 0xAA, 0x22, 0x86, 0x8A, 0x20, 0x61, 0x68, 0x89, 0xA0,
        0x0A, 0x92, 0x2A, 0xA5, 0xA8, 0xA2, 0x21, 0xA9, 0xA8, 0x08, 0x8A, 0x6A, 0x88, 0x2A, 0x48, 0x84,
        0x02, 0x50, 0x28, 0x28, 0x0A, 0x2A, 0x6A, 0x2A, 0x22, 0x22, 0x80, 0x29, 0x64, 0x80, 0x56, 0x95,
        0x16, 0xA2, 0x86, 0x05, 0x8A, 0x90, 0x80, 0x62, 0x12, 0x98, 0x10, 0xA8, 0x04, 0x0A, 0xAA, 0x50,
        0x20, 0x92, 0x8A, 0xA2, 0x9A, 0xAA, 0x2A, 0x8A, 0x85, 0x82, 0xAA, 0x28, 0x4A, 0x6A, 0x64, 0x20,
        0x6A, 0x0A, 0x9A, 0x95, 0x9A, 0xA8, 0xA8, 0x00, 0xA9, 0xA2, 0xAA, 0x90, 0xA8, 0xA2, 0xA2, 0x8A,
        0xA2, 0xA4, 0xAA, 0x92, 0x0A, 0xA6, 0x86, 0xA2, 0x40, 0x29, 0x60, 0x86, 0x89, 0x82, 0xAA, 0xA6,
        0xAA, 0x28, 0xA1, 0x41, 0x24, 0x68, 0x62, 0xAA, 0x96, 0xAA, 0x66, 0x96, 0x84, 0x82, 0x6A, 0x20,
        0xA1, 0x88, 0xA2, 0x2A, 0x26, 0x98, 0x88, 0x8A, 0x28, 0x88, 0x89, 0xA2, 0x85, 0x98, 0x89, 0x4A,
        0x2A, 0x2A, 0x82, 0x2A, 0xA6, 0xA5, 0x89, 0x29, 0x6A, 0x89, 0x90, 0x42, 0x2A, 0xAA, 0x89, 0x88,
        0xAA, 0x92, 0xA6, 0x02, 0xAA, 0x9A, 0x4A, 0x16, 0x58, 0xA8, 0x80, 0x96, 0xA1, 0xAA, 0x1A, 0xA9,
        0xA6, 0x62, 0xA8, 0x41, 0x9A, 0x9A, 0xA6, 0x89, 0x28, 0xA0, 0xAA, 0x19, 0x29, 0x8A, 0x01, 0xAA,
        0x28, 0x89, 0x92, 0xA6, 0x2A, 0xA4, 0xAA, 0xAA, 0x66, 0xA8, 0x68, 0x29, 0x84, 0xA1, 0x42, 0x1A,
        0xAA, 0x2A, 0x8A, 0x9A, 0x22, 0x8A, 0x66, 0x2A, 0x85, 0x12, 0x02, 0x52, 0x60, 0x22, 0x1A, 0x9A,
        0x62, 0xA0, 0x2A, 0x28, 0x02, 0x82, 0x6A, 0x66, 0x8A, 0x09, 0x9A, 0xAA, 0xA1, 0xA8, 0xA1, 0x6A,
        0x46, 0xA2, 0x12, 0xA0, 0x5A, 0x61, 0x82, 0xA9, 0x09, 0xA6, 0x68, 0x48, 0xA2, 0x28, 0x2A, 0xA2,
        0xA2, 0xAA, 0x56, 0x98, 0x28, 0x48, 0x66, 0x51, 0xA6, 0x25, 0x28, 0xA1, 0xA2, 0x24, 0x48, 0x2A,
        0xAA, 0x29, 0x8A, 0x8A, 0x6A, 0x01, 0xA6, 0x86, 0x2A, 0xA8, 0xA8, 0x88, 0x58, 0xA9, 0x92, 0xA9,
        0xA0, 0x65, 0xA6, 0xA6, 0x0A, 0xAA, 0xA5, 0x20, 0xA9, 0x08, 0x18, 0x9A, 0xAA, 0x81, 0xA2, 0x58,
        0x68, 0xA0, 0x1A, 0xA1, 0x88, 0xA6, 0xAA, 0xAA, 0x99, 0x89, 0xAA, 0x04, 0x82, 0xA8, 0xA9, 0x82,
        0x62, 0x2A, 0xA8, 0x08, 0x9A, 0x22, 0xAA, 0x9A, 0x68, 0xAA, 0x8A, 0xA2, 0x82, 0x8A, 0x2A, 0x06,
        0x6A, 0x28, 0xAA, 0x2A, 0x46, 0x96, 0x2A, 0x4A, 0x2A, 0x98, 0x20, 0x82, 0x68, 0xA8, 0x2A, 0x2A,
        0x68, 0x96, 0xA8, 0xA2, 0xA8, 0x2A, 0x92, 0x64, 0x96, 0x8A, 0x21, 0xA2, 0x82, 0xA4, 0x1A, 0x9A,
        0x92, 0x2A, 0x88, 0xA8, 0xAA, 0xA8, 0x21, 0x02, 0xA8, 0x18, 0x14, 0x2A, 0x69, 0xAA, 0x92, 0x6A,
        0xA5, 0xAA, 0x82, 0xA2, 0x6A, 0x9A, 0x0A, 0x28, 0x94, 0x2A, 0x16, 0xA6, 0xA2, 0x62, 0xA4, 0xA6,
        0x92, 0x98, 0x26, 0x08, 0x96, 0xA8, 0xA6, 0x82, 0x60, 0xA0, 0xA2, 0x5A, 0xA1, 0xA0, 0x22, 0x80,
        0xA9, 0x44, 0x2A, 0x88, 0xAA, 0xA2, 0x20, 0x49, 0x22, 0x8A, 0xA1, 0x80, 0x22, 0x99, 0x6A, 0xAA,
        0xAA, 0x20, 0x82, 0x02, 0x62, 0x29, 0x82, 0x24, 0xA4, 0xA8, 0x2A, 0xA1, 0x40, 0x0A, 0x82, 0xA9,
        0x21, 0xA8, 0xA1, 0x9A, 0xA2, 0x26, 0x6A, 0x8A, 0xA0, 0x99, 0x9A, 0xAA, 0x22, 0xAA, 0xA8, 0xAA,
        0xAA, 0x5A, 0xAA, 0x02, 0x62, 0x2A, 0xA2, 0x49, 0x86, 0x92, 0x29, 0xA4, 0x26, 0x6A, 0x86, 0x86,
        0x99, 0x52, 0xA2, 0xAA, 0x89, 0x61, 0x29, 0x24, 0x96, 0x26, 0xA8, 0x9A, 0x59, 0xA8, 0xAA, 0xA9,
        0xA8, 0x26, 0x66, 0xA6, 0x28, 0x90, 0x20, 0x61, 0x12, 0x0A, 0x80, 0x08, 0x2A, 0xA1, 0x11, 0x55,
        0xAA, 0xAA, 0xA2, 0x29, 0x2A, 0x98, 0xA2, 0x69, 0x8A, 0x0A, 0x28, 0x29, 0xA2, 0x26, 0xAA, 0xAA,
        0x22, 0x01, 0x60, 0x8A, 0xA2, 0x60, 0x5A, 0xAA, 0x02, 0x94, 0xA2, 0x9A, 0xAA, 0xA8, 0x91, 0x18,
        0x85, 0xA9, 0xA9, 0x04, 0x20, 0x66, 0x42, 0x96, 0x2A, 0xA9, 0xAA, 0x22, 0xAA, 0x62, 0x29, 0xA8,
        0x8A, 0x2A, 0x40, 0xAA, 0x96, 0x2A, 0xA6, 0xA2, 0xA5, 0x62, 0xA9, 0x6A, 0x68, 0x8A, 0x21, 0x6A,
        0xAA, 0xA8, 0xA5, 0xAA, 0x2A, 0xA5, 0xAA, 0x9A, 0xAA, 0x6A, 0x58, 0xA8, 0x48, 0x61, 0x62, 0x2A,
        0xA8, 0x26, 0x46, 0xAA, 0xA6, 0x22, 0x2A, 0x2A, 0xAA, 0x66, 0x2A, 0x2A, 0x2A, 0xAA, 0x82, 0xA2,
        0xA8, 0x20, 0x64, 0x96, 0x8A, 0xA5, 0xA6, 0x06, 0x4A, 0xAA, 0xA8, 0x8A, 0x92, 0xA0, 0x88, 0x89,
        0xA1, 0x01, 0x4A, 0x69, 0x62, 0x9A, 0x11, 0x99, 0x6A, 0x24, 0x60, 0x62, 0xA2, 0x91, 0xA8, 0xAA,
        0x88, 0xAA, 0x68, 0xA6, 0xAA, 0x68, 0x82, 0xA2, 0x20, 0x8A, 0x2A, 0x2A, 0x88, 0x6A, 0xAA, 0x6A,
        0x0A, 0x28, 0x99, 0x68, 0xA2, 0xA8, 0x82, 0x95, 0xA4, 0x20, 0xAA, 0x68, 0x81, 0x48, 0x4A, 0xA6,
        0xAA, 0x9A, 0xA8, 0xAA, 0x08, 0x11, 0xA0, 0x62, 0xAA, 0x29, 0xAA, 0x40, 0x6A, 0x90, 0x91, 0x8A,
        0xA6, 0x08, 0x25, 0xAA, 0x99, 0xA2, 0xA0, 0x62, 0x26, 0xA9, 0xAA, 0x42, 0x99, 0x62, 0xA9, 0xA9,
        0x68, 0x24, 0xA8, 0x22, 0xA4, 0xA2, 0xA9, 0x62, 0x2A, 0x8A, 0xA9, 0x96, 0x94, 0xAA, 0x0A, 0x00,
        0x8A, 0x8A, 0x2A, 0x21, 0xA9, 0xAA, 0x29, 0x89, 0x44, 0xA0, 0x08, 0xA0, 0x02, 0x9A, 0xAA, 0xAA,
        0x65, 0x25, 0xA6, 0x25, 0x5A, 0x68, 0xAA, 0x26, 0x80, 0x2A, 0x1A, 0x2A, 0x82, 0xA0, 0x6A, 0xA5,
        0xA6, 0x28, 0x22, 0x5A, 0x22, 0x82, 0x22, 0xA0, 0x96, 0xA1, 0x4A, 0xAA, 0xAA, 0xA5, 0x04, 0x18,
        0x2A, 0x8A, 0x6A, 0x22, 0xA0, 0x82, 0xA2, 0x92, 0x0A, 0x94, 0xAA, 0xA4, 0x24, 0x8A, 0xA4, 0x52,
        0x88, 0x69, 0x6A, 0x9A, 0x61, 0x84, 0x68, 0x08, 0x28, 0x2A, 0x19, 0x4A, 0xA2, 0x6A, 0x29, 0x61,
        0x66, 0x2A, 0x2A, 0x2A, 0xA8, 0x90, 0xA9, 0x84, 0x88, 0x99, 0xA8, 0x29, 0xAA, 0xA5, 0x90, 0xAA,
        0x24, 0x1A, 0xAA, 0x8A, 0xA9, 0x6A, 0xA8, 0xAA, 0xA2, 0xA2, 0x88, 0x88, 0x0A, 0x9A, 0xA0, 0x8A,
        0x02, 0x89, 0x68, 0xA6, 0xA8, 0x26, 0xAA, 0x4A, 0x62, 0xA2, 0x05, 0xA0, 0xA5, 0xA6, 0x96, 0xA8,
        0x28, 0x81, 0xA2, 0x18, 0x4A, 0x69, 0xAA, 0x08, 0x44, 0x8A, 0xA9, 0x29, 0xA4, 0x8A, 0x22, 0x8A,
        0x8A, 0xA8, 0xA9, 0xA0, 0x8A, 0xAA, 0xAA, 0xA8, 0x20, 0x89, 0x14, 0x2A, 0xA2, 0x29, 0x5A, 0x99,
        0xA8, 0x66, 0x5A, 0x44, 0x4A, 0xAA, 0x0A, 0xA9, 0x88, 0x64, 0x26, 0x2A, 0x22, 0xA8, 0x89, 0xAA,
        0xA6, 0x9A, 0x9A, 0xA2, 0xAA, 0x42, 0xA5, 0x68, 0x6A, 0x26, 0x2A, 0x88, 0xAA, 0xA9, 0xA2, 0x28,
        0xA8, 0x26, 0x86, 0x08, 0x96, 0x86, 0xA6, 0x6A, 0xAA, 0xA2, 0x9A, 0x6A, 0x12, 0xAA, 0x2A, 0x0A,
        0x84, 0x0A, 0x29, 0xA9, 0x90, 0x28, 0x92, 0xA6, 0x82, 0x08, 0x0A, 0x02, 0x26, 0x28, 0x65, 0x6A,
        0x46, 0x82, 0x80, 0x8A, 0xA5, 0x2A, 0xAA, 0xAA, 0x0A, 0xAA, 0x82, 0x8A, 0xAA, 0x86, 0x69, 0xAA,
        0xAA, 0x41, 0x00, 0x9A, 0xA8, 0x51, 0x6A, 0x8A, 0x2A, 0x9A, 0x65, 0xA5, 0x89, 0xA4, 0xA8, 0x96,
        0x65, 0x88, 0x86, 0x98, 0xAA, 0x08, 0x28, 0x02, 0x9A, 0x9A, 0xAA, 0x48, 0x06, 0x68, 0xA8, 0xAA,
        0xAA, 0x2A, 0x51, 0x01, 0x8A, 0xA2, 0x88, 0x1A, 0x9A, 0x2A, 0x0A, 0x2A, 0x22, 0xA1, 0xA9, 0x68,
        0x6A, 0x8A, 0xA8, 0xAA, 0x84, 0xA4, 0x25, 0x92, 0x6A, 0xA8, 0x9A, 0xAA, 0x8A, 0x9A, 0xA5, 0x8A,
        0x42, 0xAA, 0xA4, 0xA4, 0x9A, 0xAA, 0x88, 0x62, 0xA8, 0x60, 0x2A, 0x8A, 0x8A, 0xA9, 0x26, 0x8A,
        0xA6, 0x8A, 0x58, 0xAA, 0x6A, 0xA0, 0x52, 0x9A, 0x2A, 0x68, 0xA2, 0x2A, 0x46, 0x98, 0x58, 0xAA,
        0x89, 0x12, 0x28, 0xA6, 0xAA, 0x40, 0x64, 0x9A, 0xAA, 0xA6, 0xA9, 0xA2, 0xA4, 0xA9, 0x68, 0x92,
        0xA2, 0x28, 0xA9, 0x69, 0x82, 0x82, 0x62, 0xA8, 0xAA, 0xA9, 0x22, 0xA2, 0xA9, 0x22, 0x28, 0x2A,
        0xA1, 0x21, 0x26, 0x80, 0x40, 0xA1, 0x46, 0x2A, 0x58, 0xAA, 0x86, 0x1A, 0xA1, 0x8A, 0xA2, 0x68,
        0x48, 0x6A, 0x26, 0x88, 0x80, 0xA0, 0x8A, 0xAA, 0x00, 0x6A, 0xAA, 0x11, 0xA6, 0x12, 0x22, 0x68,
        0x20, 0x88, 0xA8, 0x42, 0xAA, 0x06, 0xA0, 0x1A, 0x62, 0x49, 0xA5, 0x54, 0x66, 0xA2, 0x9A, 0xAA,
        0xA5, 0xA8, 0xA2, 0x0A, 0xA5, 0x2A, 0xAA, 0x04, 0x62, 0xAA, 0x2A, 0xA6, 0x21, 0xAA, 0xAA, 0x20,
        0x84, 0x2A, 0xAA, 0x6A, 0x12, 0x68, 0x6A, 0xA9, 0x26, 0xA2, 0x08, 0x69, 0x28, 0x9A, 0xAA, 0x80,
        0xAA, 0x29, 0xA4, 0x0A, 0x8A, 0xA2, 0x42, 0x29, 0x20, 0x88, 0x24, 0xAA, 0x86, 0x20, 0xA9, 0x1A,
        0xA5, 0xAA, 0x92, 0x20, 0x22, 0xA2, 0x28, 0x86, 0x20, 0x59, 0x41, 0x99, 0xA9, 0x28, 0x08, 0xAA,
        0xAA, 0x8A, 0x2A, 0x64, 0x8A, 0x98, 0x9A, 0x29, 0x98, 0x6A, 0x29, 0x02, 0x96, 0xA8, 0x02, 0x2A,
        0xA1, 0x41, 0x2A, 0x28, 0xAA, 0x8A, 0xA8, 0xA2, 0x80, 0x62, 0x68, 0xA8, 0x8A, 0x8A, 0xA6, 0x80,
        0x92, 0xA8, 0x62, 0x9A, 0xA6, 0x8A, 0xA2, 0xA6, 0xAA, 0xA2, 0xA8, 0x92, 0xA4, 0x1A, 0x08, 0x4A,
        0x2A, 0x2A, 0xAA, 0x82, 0x99, 0xA0, 0xAA, 0x2A, 0xA6, 0xAA, 0x88, 0x29, 0xAA, 0x69, 0x0A, 0xAA,
        0xA9, 0x42, 0x29, 0xA2, 0xA0, 0x02, 0xA4, 0x6A, 0x9A, 0x82, 0x98, 0x6A, 0x8A, 0x92, 0xA6, 0x6A,
        0x81, 0xAA, 0x02, 0x6A, 0x98, 0x8A, 0x88, 0x6A, 0xA2, 0x09, 0x42, 0x86, 0x08, 0x60, 0xA2, 0x42,
        0x94, 0xA9, 0x88, 0x69, 0xA9, 0x1A, 0x96, 0x4A, 0xAA, 0x62, 0x90, 0xA6, 0xA0, 0xAA, 0x60, 0x29,
        0xA2, 0x21, 0x16, 0xAA, 0x88, 0x62, 0x6A, 0xAA, 0x85, 0x29, 0x5A, 0x00, 0x6A, 0x6A, 0x02, 0x2A,
        0xAA, 0x1A, 0xA8, 0x62, 0xAA, 0x09, 0x16, 0xA8, 0x96, 0x6A, 0xAA, 0x51, 0x2A, 0xA8, 0x22, 0x1A,
        0x46, 0x81, 0x66, 0x68, 0x88, 0xA8, 0x6A, 0xA0, 0x6A, 0x62, 0xAA, 0x88, 0x22, 0xAA, 0x88, 0xAA,
        0x86, 0xAA, 0x92, 0x92, 0xAA, 0x4A, 0xA1, 0x0A, 0xA6, 0x92, 0xAA, 0x96, 0x20, 0x26, 0xA2, 0x2A,
        0x18, 0x98, 0x12, 0xAA, 0xA8, 0x9A, 0x9A, 0x88, 0x62, 0x2A, 0x88, 0x64, 0x82, 0x59, 0x68, 0xAA,
        0xA8, 0x9A, 0xA2, 0x1A, 0x62, 0x99, 0x22, 0x16, 0x06, 0x28, 0x9A, 0x21, 0x00, 0x12, 0x26, 0x9A,
        0x2A, 0xA2, 0xA8, 0xA9, 0xA4, 0x8A, 0x90, 0x82, 0x99, 0x8A, 0x08, 0x59, 0x96, 0x80, 0x8A, 0x4A,
        0x95, 0x12, 0x09, 0x60, 0x8A, 0xA2, 0x28, 0xA4, 0xA0, 0x69, 0x81, 0x96, 0xA1, 0x88, 0x08, 0x28,
        0xA5, 0xA6, 0x69, 0x8A, 0x92, 0xA8, 0x60, 0x88, 0xAA, 0xAA, 0x12, 0xAA, 0xA8, 0xA9, 0xA8, 0x44,
        0x98, 0x8A, 0x26, 0x18, 0x22, 0x42, 0x2A, 0xAA, 0x2A, 0xA8, 0x62, 0x02, 0x80, 0xA2, 0xA6, 0xAA,
        0xA4, 0xAA, 0x44, 0x2A, 0x45, 0x0A, 0xA4, 0x90, 0xA8, 0x20, 0xA2, 0xA2, 0x62, 0x86, 0x20, 0x8A,
        0xAA, 0x89, 0xA2, 0x88, 0x68, 0xA8, 0x6A, 0x58, 0x5A, 0x40, 0x8A, 0x9A, 0xA6, 0x24, 0xAA, 0xA4,
        0x01, 0xA9, 0x92, 0x2A, 0x2A, 0x42, 0xAA, 0x28, 0xA9, 0xAA, 0x88, 0x96, 0x42, 0x0A, 0x22, 0xA8,
        0x2A, 0x0A, 0xA2, 0xA8, 0x52, 0x14, 0x2A, 0x88, 0x58, 0x22, 0xAA, 0x8A, 0xA8, 0x62, 0xAA, 0x28,
        0x68, 0x82, 0xAA, 0xA2, 0xAA, 0x99, 0xA2, 0x2A, 0x68, 0xA8, 0x11, 0xA2, 0x80, 0xAA, 0x66, 0x09,
        0x1A, 0x5A, 0x29, 0x4A, 0x85, 0xA4, 0xA6, 0xA2, 0xA2, 0xA6, 0x49, 0x4A, 0x8A, 0x2A, 0x86, 0x02,
        0xA6, 0x9A, 0xA6, 0x48, 0x90, 0x24, 0xAA, 0x82, 0x18, 0x6A, 0x12, 0x21, 0xA2, 0x0A, 0x18, 0xAA,
        0x60, 0x9A, 0x9A, 0xA8, 0xA8, 0xA1, 0x28, 0xAA, 0xA2, 0xAA, 0xA2, 0xAA, 0xA4, 0x66, 0x89, 0x69,
        0x8A, 0x60, 0x68, 0x2A, 0x60, 0x89, 0xA2, 0xA0, 0x22, 0x22, 0xAA, 0x82, 0x69, 0x90, 0x29, 0x2A,
        0x92, 0x9A, 0x84, 0xA6, 0x98, 0x92, 0xA2, 0x96, 0x61, 0x12, 0x58, 0xAA, 0x82, 0xA4, 0x88, 0x02,
        0x98, 0xAA, 0x84, 0x98, 0xAA, 0x1A, 0x6A, 0x8A, 0xA2, 0x19, 0x2A, 0x8A, 0x9A, 0x9A, 0xA6, 0x8A,
        0x66, 0x82, 0x2A, 0x84, 0x9A, 0x9A, 0x9A, 0x92, 0xAA, 0x82, 0x22, 0xA9, 0xA6, 0xAA, 0x92, 0x9A,
        0x26, 0x22, 0x42, 0x86, 0x84, 0xA8, 0x0A, 0x88, 0xA6, 0xA2, 0x8A, 0x02, 0x82, 0x02, 0xAA, 0x99,
        0xA5, 0x88, 0x42, 0x08, 0x2A, 0x98, 0x0A, 0x42, 0xAA, 0x26, 0x5A, 0xA6, 0x88, 0x50, 0xA6, 0x08,
        0x46, 0x0A, 0x9A, 0x89, 0xA0, 0x8A, 0x62, 0x9A, 0x8A, 0xAA, 0x8A, 0x20, 0x28, 0xA2, 0x64, 0x99,
        0x96, 0x94, 0xA4, 0x28, 0x96, 0xA0, 0x2A, 0x90, 0x62, 0x96, 0xA8, 0x2A, 0x20, 0xA2, 0x96, 0x81,
        0x99, 0x22, 0x28, 0x89, 0x29, 0xA8, 0xAA, 0x11, 0xAA, 0x82, 0xAA, 0x2A, 0x9A, 0xAA, 0xAA, 0xA2,
        0x6A, 0xA8, 0x2A, 0x4A, 0x9A, 0x89, 0x68, 0xAA, 0xA1, 0xA8, 0x91, 0xA6, 0x96, 0xAA, 0x02, 0x9A,
        0x6A, 0x92, 0x9A, 0x4A, 0xA8, 0xA8, 0x28, 0x5A, 0xA4, 0x6A, 0x24, 0xA0, 0xA2, 0x95, 0x98, 0x42,
        0xA9, 0x46, 0x9A, 0x20, 0xA8, 0xAA, 0x25, 0x0A, 0x9A, 0x20, 0x42, 0x21, 0x40, 0xA8, 0xA1, 0x08,
        0x28, 0x6A, 0x08, 0x09, 0x20, 0xA9, 0x10, 0x24, 0x5A, 0x24, 0x0A, 0x42, 0xA6, 0x5A, 0xA8, 0x85,
        0x28, 0xA9, 0x00, 0xAA, 0xAA, 0x19, 0x8A, 0x08, 0x11, 0xAA, 0x98, 0x61, 0x82, 0xA9, 0x8A, 0x2A,
        0xAA, 0xA2, 0x55, 0x98, 0xAA, 0x28, 0x95, 0x2A, 0x81, 0xA2, 0xAA, 0x66, 0xA2, 0xA0, 0xAA, 0x6A,
        0x84, 0xA2, 0x91, 0xA9, 0x29, 0x28, 0x98, 0x9A, 0x6A, 0xA8, 0xA0, 0x59, 0xA0, 0xA9, 0x22, 0x4A,
        0xA6, 0xAA, 0x4A, 0x51, 0x49, 0xAA, 0xA8, 0x89, 0xAA, 0x22, 0x1A, 0x98, 0x86, 0x16, 0xA6, 0x45,
        0x69, 0x56, 0x10, 0x90, 0xA8, 0x24, 0x06, 0xAA, 0x45, 0x98, 0x92, 0x29, 0x80, 0x68, 0x98, 0x42,
        0x2A, 0x86, 0x82, 0xA9, 0xA8, 0xA2, 0x42, 0xAA, 0x48, 0x86, 0x62, 0x0A, 0x9A, 0x86, 0x28, 0x81,
        0x22, 0x28, 0x02, 0x9A, 0x82, 0xA1, 0x8A, 0x92, 0xAA, 0xAA, 0x89, 0x5A, 0x9A, 0x41, 0x51, 0x58,
        0x89, 0xAA, 0x84, 0x9A, 0xA6, 0x8A, 0x8A, 0x81, 0x6A, 0x2A, 0xA9, 0x89, 0x86, 0x0A, 0xA6, 0x0A,
        0x92, 0x84, 0xA9, 0x4A, 0xA2, 0xAA, 0xA8, 0x86, 0x52, 0x6A, 0x20, 0x98, 0x62, 0x80, 0xA6, 0x86,
        0x68, 0x62, 0x8A, 0x19, 0x64, 0x26, 0x2A, 0x2A, 0x4A, 0x86, 0x66, 0x1A, 0x98, 0x89, 0x08, 0xAA,
        0x62, 0x2A, 0x59, 0x29, 0x9A, 0xAA, 0x66, 0x25, 0x86, 0x19, 0x8A, 0x22, 0x28, 0xAA, 0xAA, 0x86,
        0x08, 0xAA, 0x69, 0x9A, 0x62, 0x69, 0xA9, 0x8A, 0x81, 0x28, 0x2A, 0xA2, 0x22, 0x6A, 0x98, 0xAA,
        0xA9, 0xA8, 0xA5, 0x26, 0x41, 0x09, 0xA1, 0x6A, 0x6A, 0xA9, 0x95, 0x22, 0xA6, 0x28, 0x2A, 0xA2,
        0x68, 0x09, 0xA8, 0xA4, 0x08, 0x81, 0x62, 0x58, 0x88, 0x8A, 0x48, 0x6A, 0xA6, 0xA8, 0xAA, 0x54,
        0x98, 0x0A, 0xA0, 0xAA, 0x6A, 0x2A, 0x96, 0x20, 0x69, 0xA8, 0xA9, 0x5A, 0xA2, 0x48, 0xAA, 0x80,
        0x44, 0x29, 0x44, 0x01, 0xAA, 0x22, 0xA9, 0x8A, 0x81, 0x91, 0x96, 0x94, 0xA0, 0xA2, 0x2A, 0x86,
        0x1A, 0x6A, 0x19, 0xAA, 0xA2, 0x1A, 0x18, 0xA2, 0xA9, 0xA1, 0xAA, 0xA8, 0x26, 0x42, 0xAA, 0x96,
        0x1A, 0x98, 0x14, 0x22, 0x98, 0xA8, 0xA9, 0x09, 0x8A, 0x9A, 0x4A, 0x0A, 0xAA, 0xA1, 0x8A, 0x92,
        0xAA, 0x88, 0x61, 0x8A, 0xAA, 0xA8, 0xAA, 0x22, 0xAA, 0xAA, 0xA4, 0xA2, 0x62, 0x80, 0xA5, 0x56,
        0x8A, 0xA2, 0x14, 0x62, 0x2A, 0x9A, 0x25, 0x68, 0x9A, 0x8A, 0x86, 0x16, 0x04, 0x91, 0x9A, 0x9A,
        0x69, 0x62, 0x62, 0x42, 0x68, 0x88, 0x49, 0xAA, 0x2A, 0x55, 0xA1, 0x88, 0xA8, 0xA2, 0xA2, 0x26,
        0x2A, 0x81, 0xAA, 0x28, 0x20, 0xAA, 0xA0, 0xA2, 0x6A, 0xA6, 0x51, 0x58, 0x86, 0xA6, 0x2A, 0x59,
        0xA5, 0x46, 0xA0, 0x89, 0xAA, 0x1A, 0xA0, 0x8A, 0x66, 0x92, 0x96, 0xA8, 0x5A, 0x8A, 0x69, 0xA0,
        0x22, 0xAA, 0x4A, 0x8A, 0x66, 0x40, 0x86, 0x61, 0x89, 0x1A, 0x54, 0xA0, 0xA9, 0xA6, 0x2A, 0x88,
        0x24, 0x6A, 0x6A, 0x9A, 0xA9, 0xA6, 0xA6, 0x92, 0x2A, 0x06, 0x1A, 0xA1, 0x48, 0x10, 0x28, 0x6A,
        0x66, 0x9A, 0x92, 0xA5, 0xA9, 0xA8, 0x98, 0x26, 0x25, 0x6A, 0x8A, 0xAA, 0xA9, 0x46, 0x19, 0x81,
        0x2A, 0xAA, 0x2A, 0x00, 0x89, 0x10, 0x0A, 0x1A, 0x69, 0x65, 0x12, 0x99, 0x6A, 0xA4, 0x86, 0xA2,
        0x2A, 0xAA, 0x22, 0x96, 0x5A, 0x08, 0xAA, 0x40, 0x28, 0x16, 0x99, 0x1A, 0x29, 0x8A, 0x8A, 0x26,
        0xA6, 0x96, 0x9A, 0x86, 0xA8, 0xA8, 0x85, 0x2A, 0xA5, 0xA0, 0x29, 0x1A, 0x19, 0xAA, 0x2A, 0xAA,
        0xA8, 0xA4, 0x29, 0x21, 0x8A, 0x90, 0x66, 0x2A, 0xA0, 0x66, 0xA2, 0x48, 0x68, 0x29, 0x98, 0xAA,
        0x82, 0x4A, 0x25, 0xA2, 0xAA, 0xA5, 0x60, 0xA9, 0x6A, 0x1A, 0x92, 0x90, 0xAA, 0x0A, 0x54, 0x09,
        0xA6, 0xAA, 0xAA, 0xA8, 0x4A, 0xAA, 0x19, 0x98, 0x2A, 0x8A, 0xA4, 0x28, 0x8A, 0xAA, 0xA9, 0x8A,
        0x89, 0x9A, 0x49, 0x98, 0xAA, 0xAA, 0xA1, 0xA9, 0x69, 0xA8, 0x88, 0x85, 0x22, 0xA2, 0x88, 0x98,
        0xA9, 0x14, 0x6A, 0x9A, 0x98, 0x12, 0x64, 0x8A, 0x26, 0xA6, 0x64, 0xAA, 0x2A, 0x96, 0x81, 0xA6,
        0x8A, 0x49, 0xA4, 0xA6, 0xA6, 0xA8, 0xA6, 0xAA, 0x8A, 0x86, 0xAA, 0x25, 0x82, 0x86, 0xAA, 0xA2,
        0x46, 0xA0, 0x29, 0x6A, 0x80, 0x02, 0xAA, 0xA8, 0xA6, 0x40, 0xA2, 0x8A, 0xA2, 0x28, 0x98, 0x52,
        0xAA, 0x88, 0xA8, 0x26, 0x9A, 0x2A, 0x8A, 0x8A, 0x85, 0xA6, 0xA6, 0x68, 0x82, 0x0A, 0xA5, 0x62,
        0x48, 0xA6, 0xA6, 0x0A, 0x01, 0xA2, 0x28, 0x40, 0x60, 0x6A, 0xAA, 0x8A, 0xA8, 0xA0, 0x92, 0x82,
        0xA8, 0x84, 0x89, 0x28, 0x2A, 0xA2, 0x28, 0x14, 0xA5, 0x90, 0x96, 0xA8, 0xAA, 0x8A, 0x22, 0xA6,
        0x5A, 0x88, 0x6A, 0x99, 0x92, 0xAA, 0x80, 0x84, 0x66, 0x25, 0x2A, 0x9A, 0xA8, 0x82, 0xA8, 0xA6,
        0x8A, 0x2A, 0x6A, 0xA5, 0xA9, 0x8A, 0xA8, 0x58, 0x69, 0xA9, 0xAA, 0x8A, 0x49, 0x60, 0xA8, 0x89,
        0xAA, 0x28, 0x4A, 0xA1, 0xA8, 0x11, 0x6A, 0x5A, 0x19, 0x66, 0x6A, 0x6A, 0x61, 0x98, 0x6A, 0xA2,
        0x84, 0x8A, 0xA8, 0xA6, 0x9A, 0xA1, 0xA9, 0xA2, 0xA4, 0x2A, 0xA9, 0x92, 0x62, 0x26, 0x61, 0x20,
        0xAA, 0xA6, 0x80, 0xA2, 0x89, 0x96, 0x80, 0xA6, 0x29, 0x2A, 0x58, 0x18, 0xA9, 0x0A, 0x4A, 0xA9,
        0xAA, 0x6A, 0xAA, 0xAA, 0xA6, 0x9A, 0xA2, 0x9A, 0x6A, 0x68, 0x59, 0x96, 0x62, 0xA0, 0x2A, 0x80,
        0x69, 0x58, 0x8A, 0xA2, 0xA6, 0x12, 0x46, 0xA9, 0x59, 0x62, 0xA5, 0x9A, 0x2A, 0x01, 0x15, 0xAA,
        0x25, 0x61, 0xA8, 0xAA, 0x08, 0x9A, 0xA8, 0x5A, 0x66, 0x68, 0x60, 0x1A, 0xA8, 0xA8, 0x88, 0xAA,
        0x24, 0xA6, 0xAA, 0xA0, 0x22, 0x82, 0x99, 0x2A, 0x20, 0x09, 0x8A, 0x90, 0xAA, 0x6A, 0xA8, 0x62,
        0x41, 0x80, 0xAA, 0xA2, 0xA8, 0x9A, 0xA6, 0xA8, 0x68, 0x88, 0xAA, 0xA8, 0xA9, 0xAA, 0xA8, 0xAA,
        0x02, 0x6A, 0x8A, 0x08, 0x82, 0xAA, 0x41, 0x82, 0x99, 0xAA, 0x92, 0xA4, 0xA1, 0x8A, 0x98, 0x69,
        0x48, 0x2A, 0x60, 0x40, 0xAA, 0xAA, 0x99, 0x8A, 0x46, 0x98, 0x95, 0x84, 0x60, 0x9A, 0xAA, 0x8A,
        0x28, 0x96, 0x60, 0x08, 0x62, 0x0A, 0x00, 0x0A, 0x69, 0x8A, 0xAA, 0x96, 0x8A, 0xA1, 0x8A, 0xA1,
        0xA6, 0x19, 0x8A, 0x26, 0x2A, 0x29, 0x26, 0xAA, 0x4A, 0x2A, 0x6A, 0xAA, 0x64, 0x68, 0xA2, 0x9A,
        0xA5, 0x2A, 0x22, 0x64, 0x60, 0x82, 0xAA, 0x48, 0xA0, 0x28, 0xA9, 0x26, 0x4A, 0x1A, 0x2A, 0x8A,
        0x6A, 0x4A, 0x2A, 0x80, 0xA2, 0xA9, 0xA2, 0xA1, 0xAA, 0x68, 0xAA, 0x88, 0x66, 0x0A, 0x20, 0xA1,
        0xAA, 0x86, 0x29, 0x90, 0x18, 0x6A, 0x12, 0x58, 0xAA, 0x06, 0xA8, 0xAA, 0xA6, 0x8A, 0x6A, 0xAA,
        0x02, 0xA2, 0x9A, 0x65, 0x49, 0x8A, 0x49, 0xA4, 0x04, 0x6A, 0x86, 0x06, 0x18, 0x48, 0x0A, 0x82,
        0x2A, 0x5A, 0xA8, 0x02, 0x8A, 0x8A, 0x8A, 0xAA, 0x66, 0x12, 0x8A, 0x68, 0x2A, 0x8A, 0xA4, 0x56,
        0x29, 0x04, 0x2A, 0x9A, 0xAA, 0x6A, 0x88, 0x40, 0xA8, 0xA8, 0x20, 0x98, 0x69, 0xA9, 0xA8, 0x28,
        0xA2, 0xAA, 0x55, 0xA6, 0x6A, 0x58, 0x2A, 0x20, 0x5A, 0xA8, 0xAA, 0x26, 0x29, 0xA8, 0x1A, 0x68,
        0x52, 0xAA, 0xAA, 0x6A, 0x64, 0x0A, 0x06, 0x6A, 0xA9, 0x9A, 0x86, 0xAA, 0x90, 0xA4, 0xA6, 0x69,
        0xA8, 0xAA, 0xAA, 0x84, 0x8A, 0xAA, 0x24, 0x08, 0x56, 0x99, 0xAA, 0x8A, 0xA6, 0xA0, 0x9A, 0x88,
        0x49, 0x6A, 0x88, 0xAA, 0x88, 0x99, 0xAA, 0xA8, 0x06, 0x84, 0x2A, 0x6A, 0x61, 0x68, 0x18, 0x86,
        0x8A, 0x96, 0x91, 0xA2, 0x8A, 0xA2, 0x86, 0xAA, 0xA4, 0x9A, 0x62, 0xAA, 0x9A, 0x42, 0xA0, 0x0A,
        0x68, 0xAA, 0x42, 0x2A, 0x88, 0xAA, 0x89, 0x20, 0x59, 0x28, 0x46, 0x02, 0x01, 0x48, 0xA4, 0x44,
        0x06, 0x0A, 0x2A, 0xA9, 0x85, 0x6A, 0x0A, 0x29, 0xA9, 0x88, 0x16, 0xA1, 0x88, 0xAA, 0x80, 0xA8,
        0xAA, 0xAA, 0x0A, 0x61, 0x96, 0xA9, 0xA8, 0xA5, 0x29, 0x6A, 0xA2, 0x9A, 0x0A, 0x1A, 0xA2, 0xA9,
        0xA4, 0x2A, 0x64, 0x06, 0x86, 0x26, 0x22, 0x0A, 0x9A, 0x88, 0x9A, 0x0A, 0xAA, 0x1A, 0x28, 0x26,
        0xAA, 0x2A, 0x62, 0xA0, 0xA0, 0xAA, 0x5A, 0xA2, 0x8A, 0xAA, 0xA5, 0x82, 0xA9, 0x8A, 0x19, 0x22,
        0x8A, 0x85, 0xAA, 0x88, 0x84, 0x4A, 0xA6, 0x5A, 0x46, 0xAA, 0xA2, 0x26, 0x9A, 0x24, 0xAA, 0x2A,
        0x1A, 0x8A, 0x91, 0x84, 0x28, 0x0A, 0x6A, 0x84, 0x69, 0x1A, 0xAA, 0xA8, 0x06, 0x6A, 0x0A, 0x88,
        0xA9, 0x11, 0x98, 0x69, 0xA2, 0x62, 0x59, 0xA6, 0xA2, 0xAA, 0x6A, 0x22, 0x64, 0x8A, 0xA9, 0x0A,
        0x86, 0x0A, 0xA2, 0x29, 0xAA, 0x68, 0x09, 0x29, 0x81, 0x1A, 0x8A, 0x68, 0x60, 0x82, 0x6A, 0xAA,
        0xA6, 0x29, 0xA6, 0xA2, 0x98, 0x88, 0x02, 0x1A, 0xA0, 0x89, 0xA8, 0x22, 0x46, 0xA2, 0x86, 0x04,
        0x88, 0x9A, 0x62, 0x99, 0x8A, 0x26, 0x22, 0xA4, 0x6A, 0x08, 0x2A, 0xAA, 0x5A, 0x68, 0x4A, 0x0A,
        0xA2, 0x81, 0x12, 0xA8, 0x48, 0xA1, 0x69, 0x10, 0x4A, 0x8A, 0xA2, 0x4A, 0xAA, 0xAA, 0x08, 0x2A,
        0x92, 0x18, 0x8A, 0x86, 0x89, 0x86, 0x94, 0xA9, 0x8A, 0x26, 0x56, 0xA8, 0xA2, 0x82, 0x8A, 0x6A,
        0x61, 0x66, 0x68, 0xAA, 0x48, 0xA0, 0x22, 0x69, 0x2A, 0x86, 0x5A, 0xA9, 0xAA, 0xA1, 0xA2, 0x92,
        0x6A, 0x88, 0x95, 0x21, 0x8A, 0x88, 0x66, 0x20, 0x88, 0x24, 0x88, 0x80, 0x14, 0x0A, 0x89, 0x2A,
        0x92, 0xA4, 0xA0, 0xAA, 0x12, 0x66, 0x86, 0xA8, 0xAA, 0x8A, 0xAA, 0xAA, 0xA9, 0xA2, 0x29, 0xAA,
        0xA9, 0x18, 0x90, 0x8A, 0x8A, 0xAA, 0x2A, 0xA2, 0x1A, 0x51, 0x86, 0x89, 0x88, 0x24, 0xA6, 0x19,
        0xA2, 0x49, 0xA0, 0x0A, 0x42, 0x8A, 0x9A, 0x2A, 0x69, 0xA0, 0xA1, 0x82, 0x1A, 0x2A, 0xAA, 0xA9,
        0x09, 0xA8, 0x86, 0x18, 0x62, 0x20, 0xAA, 0x82, 0xAA, 0x82, 0x1A, 0x6A, 0x42, 0xA2, 0x8A, 0x59,
        0x29, 0x86, 0x28, 0x98, 0xAA, 0x81, 0x88, 0x8A, 0xAA, 0x5A, 0x8A, 0x4A, 0x26, 0x88, 0x18, 0xAA,
        0x94, 0x88, 0xA2, 0x1A, 0x59, 0x8A, 0x66, 0x61, 0x81, 0x4A, 0x22, 0x92, 0x09, 0x65, 0x89, 0x8A,
        0xA2, 0x29, 0x28, 0x84, 0x26, 0xAA, 0xAA, 0x06, 0xA8, 0x09, 0x45, 0xA4, 0xA2, 0x92, 0x86, 0x2A,
        0x29, 0x6A, 0xA5, 0x00, 0x86, 0x6A, 0x6A, 0x2A, 0xA2, 0x82, 0xAA, 0xAA, 0x81, 0x1A, 0x2A, 0x8A,
        0x52, 0x20, 0x59, 0x69, 0xAA, 0x82, 0x9A, 0x99, 0x16, 0xA5, 0xA0, 0x2A, 0x92, 0xAA, 0x04, 0xAA,
        0x10, 0x8A, 0x84, 0xA0, 0x8A, 0x60, 0xA8, 0x8A, 0x2A, 0x82, 0xA8, 0x65, 0x42, 0x52, 0x64, 0x26,
        0xA0, 0x28, 0x6A, 0x5A, 0x6A, 0x9A, 0x10, 0x8A, 0x66, 0x20, 0x86, 0x18, 0x6A, 0xA2, 0x80, 0x28,
        0x18, 0x56, 0x2A, 0x98, 0xAA, 0xAA, 0x46, 0x2A, 0xAA, 0x80, 0xAA, 0x8A, 0x06, 0x68, 0x8A, 0x82,
        0x69, 0x9A, 0xA9, 0x80, 0x5A, 0x50, 0x86, 0x1A, 0x26, 0x1A, 0x89, 0xA0, 0x22, 0xA2, 0xAA, 0x6A,
        0x0A, 0x8A, 0x20, 0xA6, 0xA9, 0x86, 0x05, 0x96, 0xA8, 0xAA, 0x88, 0xA9, 0x8A, 0x9A, 0x96, 0x85,
        0x6A, 0x55, 0x80, 0x4A, 0x90, 0x99, 0x64, 0xA9, 0x6A, 0xAA, 0x66, 0xA5, 0xAA, 0x29, 0xA1, 0x9A,
        0x80, 0xAA, 0x98, 0x28, 0x84, 0xA9, 0x90, 0x2A, 0x0A, 0xA6, 0x68, 0xA0, 0x51, 0x9A, 0x6A, 0x10,
        0xAA, 0x52, 0x86, 0x98, 0x84, 0xA4, 0x86, 0x29, 0x8A, 0x6A, 0xA8, 0x98, 0x15, 0x09, 0xAA, 0xA9,
        0xA2, 0x1A, 0x48, 0x0A, 0x04, 0x86, 0x16, 0x19, 0xAA, 0xA0, 0xA6, 0x89, 0x8A, 0xA9, 0x42, 0xA8,
        0x88, 0xA8, 0x84, 0x9A, 0xA2, 0x0A, 0xA2, 0x94, 0x62, 0x16, 0xA4, 0xA9, 0x0A, 0x98, 0x8A, 0x19,
        0xA2, 0xAA, 0x2A, 0x82, 0xA8, 0x2A, 0x22, 0x49, 0xAA, 0x2A, 0xA0, 0xA6, 0xA4, 0xAA, 0x06, 0xAA,
        0x08, 0xAA, 0x9A, 0xA2, 0x11, 0x9A, 0x96, 0xAA, 0xAA, 0xAA, 0x8A, 0x62, 0x2A, 0x6A, 0xA8, 0xA8,
        0x80, 0x1A, 0x81, 0x60, 0x9A, 0x89, 0xAA, 0x98, 0x20, 0x64, 0x04, 0x89, 0xA9, 0xAA, 0x8A, 0x98,
        0x18, 0xAA, 0x02, 0xA8, 0x9A, 0xA9, 0xA8, 0x66, 0xA0, 0xA1, 0xA2, 0xA1, 0xA9, 0x5A, 0x88, 0x0A,
        0x16, 0x99, 0x19, 0xAA, 0x22, 0x9A, 0x80, 0x82, 0x85, 0x2A, 0x80, 0xA6, 0x88, 0xAA, 0x02, 0x8A,
        0x22, 0x80, 0x21, 0xA2, 0xAA, 0x0A, 0x84, 0x68, 0x8A, 0x99, 0xA0, 0x20, 0xA6, 0x69, 0xA2, 0x22,
        0xA0, 0xA8, 0xAA, 0xA0, 0x88, 0x9A, 0x68, 0x92, 0x0A, 0x2A, 0x1A, 0x8A, 0x21, 0x0A, 0x8A, 0x9A,
        0x18, 0x8A, 0xA1, 0x92, 0xA2, 0xA9, 0xA8, 0x09, 0x10, 0x9A, 0x82, 0xA8, 0x2A, 0x22, 0xA6, 0xA1,
        0x68, 0xAA, 0x24, 0xAA, 0x8A, 0x8A, 0xA9, 0x11, 0xA2, 0x22, 0x09, 0x86, 0x99, 0xAA, 0x46, 0x2A,
        0xA2, 0xAA, 0x24, 0x19, 0x62, 0x62, 0x0A, 0x2A, 0x21, 0x84, 0xAA, 0x84, 0x99, 0x09, 0x22, 0x12,
        0xA9, 0x81, 0x89, 0xA6, 0xA5, 0x29, 0xA2, 0x9A, 0x1A, 0x28, 0xAA, 0xA2, 0xA4, 0xAA, 0x08, 0xA6,
        0x4A, 0x5A, 0xAA, 0x88, 0xAA, 0x06, 0x99, 0x20, 0x0A, 0xA6, 0x9A, 0x92, 0x24, 0x82, 0x9A, 0x96,
        0x8A, 0x0A, 0x29, 0x28, 0x8A, 0xA9, 0x28, 0x2A, 0x00, 0x06, 0x16, 0x68, 0x02, 0x88, 0x80, 0x92,
        0x4A, 0xA6, 0x8A, 0x82, 0x6A, 0x68, 0xA6, 0xA8, 0x9A, 0x64, 0x2A, 0x1A, 0xA8, 0x69, 0x15, 0x12,
        0x08, 0x08, 0x6A, 0x8A, 0xA1, 0x69, 0xAA, 0xA2, 0x2A, 0x2A, 0x89, 0x68, 0x80, 0x1A, 0x6A, 0xAA,
        0xAA, 0x21, 0x69, 0xAA, 0x8A, 0x8A, 0x02, 0x18, 0xA2, 0x89, 0xAA, 0x8A, 0x61, 0x92, 0x8A, 0x1A,
        0x52, 0xA9, 0x20, 0xA9, 0xA2, 0x4A, 0x20, 0x99, 0x24, 0xA5, 0x86, 0x90, 0xA2, 0xA9, 0xAA, 0x2A,
        0x52, 0x82, 0x20, 0xAA, 0x92, 0x21, 0x22, 0x68, 0xA2, 0x88, 0x68, 0xA6, 0x2A, 0x05, 0xAA, 0x8A,
        0x86, 0x6A, 0x20, 0x6A, 0x56, 0xA5, 0xA8, 0x60, 0xA8, 0x0A, 0x96, 0xA8, 0xA8, 0x92, 0x0A, 0xA9,
        0xA1, 0x2A, 0x20, 0x26, 0xA2, 0x18, 0x85, 0x0A, 0xA0, 0x92, 0xA8, 0x88, 0xA0, 0xAA, 0x4A, 0x06,
        0xA6, 0x9A, 0x88, 0x88, 0xA2, 0x82, 0x26, 0xAA, 0x22, 0x82, 0x28, 0x0A, 0x28, 0x2A, 0x18, 0x12,
        0x29, 0x8A, 0xAA, 0x9A, 0x82, 0xA8, 0x2A, 0xA4, 0x2A, 0xA6, 0x6A, 0x14, 0x8A, 0x5A, 0x2A, 0x91,
        0xAA, 0xA5, 0x2A, 0x60, 0x29, 0xA0, 0x0A, 0x8A, 0x90, 0xA9, 0x85, 0xA2, 0x88, 0xA9, 0xA6, 0x21,
        0x64, 0x6A, 0x40, 0xA8, 0xA8, 0x96, 0xA2, 0x26, 0x22, 0xA0, 0x24, 0x20, 0x68, 0xAA, 0xA8, 0xA0,
        0x8A, 0x9A, 0x8A, 0x20, 0xA9, 0xA1, 0xA8, 0x91, 0xA2, 0xA2, 0x66, 0x82, 0x98, 0xA0, 0xA6, 0x94,
        0x0A, 0x29, 0x16, 0xA1, 0x8A, 0xA6, 0xA2, 0x2A, 0x96, 0x99, 0x98, 0x88, 0x82, 0x29, 0x12, 0x18,
        0x8A, 0x42, 0x2A, 0x61, 0x82, 0x19, 0x86, 0x68, 0x4A, 0xA0, 0x92, 0x56, 0xA9, 0xA2, 0x1A, 0x0A,
        0x95, 0xA8, 0xAA, 0x6A, 0x9A, 0x19, 0x40, 0xAA, 0x82, 0xAA, 0x52, 0x89, 0x59, 0xAA, 0xA1, 0x28,
        0x89, 0x00, 0xA5, 0x65, 0x4A, 0x8A, 0x2A, 0x9A, 0xA2, 0x61, 0x4A, 0xA8, 0xA2, 0xA0, 0x82, 0x84,
        0xAA, 0xA2, 0xAA, 0x6A, 0xA2, 0x82, 0x0A, 0x25, 0x2A, 0xAA, 0xAA, 0x6A, 0x94, 0xA5, 0x02, 0xA2,
        0x62, 0x9A, 0x0A, 0x95, 0x8A, 0x20, 0x28, 0xA1, 0x86, 0xA8, 0xA6, 0x6A, 0x66, 0xA0, 0x22, 0xA6,
        0x25, 0x20, 0xAA, 0x22, 0x62, 0xAA, 0xA6, 0xAA, 0x4A, 0x2A, 0xA8, 0x68, 0xAA, 0x9A, 0x14, 0xA2,
        0x5A, 0x90, 0xA8, 0xA6, 0x82, 0xA6, 0x2A, 0x96, 0xA8, 0xAA, 0x5A, 0x6A, 0x80, 0x61, 0x65, 0xA8,
        0x22, 0x8A, 0x6A, 0x9A, 0x08, 0x48, 0xAA, 0x96, 0x18, 0xA8, 0x8A, 0x2A, 0x40, 0xA2, 0x8A, 0xA4,
        0x9A, 0x22, 0xA9, 0xAA, 0xA9, 0x1A, 0x4A, 0x09, 0x84, 0xA5, 0x26, 0xA2, 0xA8, 0xA8, 0x5A, 0xA6,
        0x26, 0xA8, 0x21, 0x08, 0x08, 0x6A, 0x2A, 0xA9, 0x8A, 0x2A, 0x2A, 0x9A, 0x19, 0xA1, 0x09, 0xAA,
        0x66, 0x08, 0xA9, 0xA2, 0x64, 0x62, 0x91, 0x12, 0xA5, 0xA8, 0x52, 0x58, 0xAA, 0x8A, 0xA6, 0x22,
        0x92, 0x88, 0x90, 0x65, 0x8A, 0xA8, 0xA6, 0xAA, 0x88, 0xAA, 0xA6, 0xA2, 0xA8, 0x2A, 0x9A, 0x92,
        0xA6, 0xA8, 0xAA, 0xA8, 0x61, 0x8A, 0x8A, 0xA2, 0x89, 0x52, 0xA6, 0xA8, 0x2A, 0xA8, 0x24, 0x80,
        0x8A, 0x88, 0x02, 0x91, 0x18, 0x6A, 0x88, 0x48, 0x64, 0x9A, 0xAA, 0xA0, 0xA2, 0x59, 0x66, 0x14,
        0x88, 0xA1, 0x84, 0xA4, 0x92, 0x2A, 0x29, 0xAA, 0x64, 0x82, 0xA1, 0xA0, 0x4A, 0x6A, 0xAA, 0x1A,
        0xAA, 0x44, 0x49, 0x6A, 0x18, 0xA9, 0x29, 0xAA, 0x6A, 0x18, 0xA9, 0xA9, 0x5A, 0x98, 0x92, 0x12,
        0x6A, 0xA8, 0x88, 0x0A, 0xA6, 0xAA, 0x49, 0xAA, 0x9A, 0x09, 0x66, 0xA8, 0x69, 0xA8, 0x08, 0xA8,
        0xA8, 0x91, 0x28, 0x6A, 0x25, 0x4A, 0x21, 0x96, 0x6A, 0x9A, 0xA6, 0x2A, 0x6A, 0x68, 0x2A, 0x26,
        0x24, 0xA2, 0x98, 0x26, 0xAA, 0x69, 0x0A, 0xA2, 0xAA, 0xA9, 0x1A, 0x21, 0x68, 0x28, 0xA0, 0x6A,
        0x98, 0x2A, 0x68, 0x22, 0x8A, 0x9A, 0x09, 0x68, 0x86, 0xAA, 0x5A, 0x5A, 0x0A, 0x69, 0x4A, 0x09,
        0xA1, 0xA9, 0x2A, 0x12, 0xA1, 0x28, 0xAA, 0x86, 0x2A, 0x8A, 0xA4, 0xAA, 0x88, 0xA9, 0x65, 0x20,
        0x88, 0x88, 0x9A, 0xAA, 0xA8, 0x89, 0x01, 0xA2, 0x28, 0x6A, 0x48, 0x2A, 0x8A, 0xAA, 0x62, 0xA1,
        0x9A, 0x1A, 0x16, 0x26, 0x4A, 0x8A, 0x16, 0xA9, 0xAA, 0x26, 0x60, 0xA2, 0x61, 0x19, 0x22, 0x46,
        0xA2, 0xAA, 0xAA, 0x85, 0xAA, 0xA8, 0x6A, 0x06, 0x96, 0x82, 0xAA, 0x02, 0x8A, 0x10, 0xA5, 0xA8,
        0x21, 0x60, 0x95, 0xA9, 0x42, 0x2A, 0x8A, 0x8A, 0x69, 0x18, 0x1A, 0x82, 0x89, 0x82, 0x4A, 0x9A,
        0xA6, 0xAA, 0xAA, 0x44, 0x98, 0xA9, 0x19, 0x2A, 0x90, 0x98, 0xAA, 0x4A, 0x62, 0x49, 0xA4, 0xAA,
        0xA2, 0x88, 0xA9, 0x2A, 0x21, 0x88, 0xA9, 0x50, 0xA2, 0x8A, 0xA8, 0xA9, 0x9A, 0x29, 0x09, 0x4A,
        0x5A, 0x88, 0x29, 0x1A, 0xA8, 0xA4, 0x29, 0xA0, 0xA8, 0x28, 0xA8, 0x62, 0xA0, 0x22, 0x86, 0x61,
        0x89, 0x62, 0x6A, 0xA2, 0x16, 0x1A, 0xA8, 0x8A, 0xA2, 0x49, 0x20, 0xA0, 0x1A, 0x82, 0xA6, 0x82,
        0x22, 0xAA, 0xA2, 0x2A, 0xA6, 0x62, 0x2A, 0xAA, 0xAA, 0xAA, 0x26, 0x84, 0x82, 0x9A, 0xAA, 0x92,
        0xA2, 0xAA, 0xA6, 0x55, 0x9A, 0xA8, 0x6A, 0xA9, 0xAA, 0x86, 0x29, 0x50, 0xA8, 0xA1, 0x28, 0xAA,
        0xAA, 0xA9, 0x9A, 0x6A, 0x0A, 0x95, 0x88, 0x2A, 0x92, 0xA2, 0x8A, 0x8A, 0x8A, 0xA1, 0xA0, 0x92,
        0x6A, 0x18, 0x96, 0x06, 0x19, 0xAA, 0x82, 0xA8, 0xA9, 0xA6, 0x62, 0x8A, 0x2A, 0xA2, 0x29, 0xAA,
        0x88, 0xA9, 0x1A, 0xAA, 0x0A, 0xAA, 0x49, 0x94, 0xAA, 0x08, 0x8A, 0x16, 0x22, 0xA9, 0xAA, 0x82,
        0xAA, 0x65, 0xA8, 0x60, 0xAA, 0x62, 0xAA, 0xAA, 0xA2, 0x9A, 0x6A, 0xA1, 0x96, 0x02, 0x2A, 0x8A,
        0x20, 0xA8, 0x66, 0x84, 0x26, 0x1A, 0x82, 0xA6, 0x92, 0x8A, 0x06, 0xA2, 0x59, 0x88, 0x46, 0xAA,
        0xAA, 0x40, 0x22, 0x68, 0x92, 0x6A, 0xA9, 0xA0, 0x0A, 0x4A, 0xA2, 0x92, 0x58, 0x60, 0xA4, 0x21,
        0x69, 0xA2, 0x18, 0xA6, 0x8A, 0xA4, 0xAA, 0xAA, 0x4A, 0x89, 0x84, 0x82, 0xA9, 0xA4, 0xAA, 0x62,
        0xA8, 0xAA, 0xA6, 0xA2, 0x9A, 0x1A, 0x85, 0x88, 0x10, 0x68, 0x22, 0x98, 0x09, 0x94, 0x2A, 0x8A,
        0xA2, 0xA2, 0xAA, 0x89, 0x28, 0xA8, 0x09, 0xA0, 0xAA, 0x8A, 0x99, 0x50, 0x9A, 0xA8, 0x80, 0xA4,
        0xA8, 0x8A, 0x61, 0xA5, 0x4A, 0x06, 0x42, 0x80, 0xA0, 0x56, 0x0A, 0x8A, 0x2A, 0x02, 0xAA, 0x2A,
        0x86, 0x0A, 0x09, 0xA9, 0xA2, 0xAA, 0x0A, 0xA8, 0x86, 0x22, 0x12, 0x0A, 0xAA, 0xA0, 0x6A, 0x2A,
        0xA2, 0x92, 0x2A, 0xA2, 0xA2, 0x9A, 0xA0, 0x42, 0xAA, 0x81, 0xAA, 0x85, 0xA8, 0x0A, 0x51, 0x25,
        0x0A, 0x51, 0x1A, 0xA2, 0x8A, 0x98, 0xA2, 0x29, 0x92, 0x26, 0x8A, 0xA8, 0x8A, 0x19, 0xA2, 0x00,
        0x8A, 0x82, 0xA2, 0x20, 0x20, 0x8A, 0x48, 0x96, 0x99, 0xA0, 0x88, 0x02, 0x40, 0x88, 0x0A, 0x8A,
        0x8A, 0xAA, 0x04, 0x21, 0xAA, 0xA8, 0x08, 0x91, 0xAA, 0x2A, 0x88, 0x6A, 0xAA, 0x28, 0x80, 0x2A,
        0xA5, 0xA8, 0x22, 0xAA, 0x9A, 0xAA, 0x22, 0x4A, 0x29, 0x2A, 0xA8, 0x01, 0xAA, 0x89, 0x88, 0x9A,
        0x28, 0x28, 0x5A, 0xAA, 0x58, 0x02, 0x91, 0x06, 0x88, 0x6A, 0x2A, 0x41, 0xAA, 0x1A, 0xA2, 0x16,
    },
    {   /* SOL_SEEDS_DRAW3_VEGAS */
        0x05, 0x65, 0xAA, 0x06, 0x55, 0x94, 0x95, 0xA4, 0x91, 0xA8, 0x62, 0xA9, 0x19, 0x9A, 0x65, 0x5A,
        0x55, 0x45, 0x16, 0xAA, 0xA4, 0x65, 0x55, 0x49, 0x56, 0x96, 0xA2, 0x54, 0x94, 0xAA, 0x69, 0x9A,
        0x25, 0x05, 0xA5, 0x59, 0xA6, 0x55, 0x86, 0xA6, 0xA9, 0x55, 0x99, 0x05, 0x56, 0x89, 0x65, 0x68,
        0x95, 0x25, 0x51, 0x20, 0x19, 0x69, 0x66, 0x01, 0x45, 0x2A, 0x14, 0xA4, 0x21, 0x55, 0x5A, 0x55,
        0x59, 0x58, 0x96, 0x15, 0x64, 0x11, 0x65, 0x59, 0x82, 0x42, 0x09, 0x16, 0x55, 0x91, 0x51, 0x15,
        0x50, 0x11, 0x15, 0x41, 0x45, 0x44, 0x41, 0x90, 0x45, 0x85, 0x9A, 0x09, 0x56, 0x99, 0x99, 0x15,
        0x55, 0x66, 0x6A, 0x66, 0x59, 0x19, 0x66, 0x94, 0xA2, 0x4A, 0x52, 0x55, 0x69, 0x59, 0x65, 0xA9,
        0xA2, 0x5A, 0xA4, 0xA4, 0x0A, 0x85, 0x1A, 0x91, 0x6A, 0x9A, 0x28, 0x19, 0xA6, 0x5A, 0x21, 0x44,
        0x96, 0xA6, 0x96, 0x68, 0x9A, 0x90, 0x99, 0x65, 0x69, 0x60, 0x56, 0x59, 0x69, 0x65, 0x25, 0x89,
        0x55, 0x99, 0x45, 0x64, 0x42, 0x11, 0xA4, 0x64, 0xA5, 0x99, 0x51, 0x61, 0x15, 0x1A, 0x9A, 0x69,
        0x41, 0x61, 0x15, 0x65, 0x98, 0xA1, 0x65, 0x84, 0xA6, 0x85, 0x95, 0x96, 0x46, 0x92, 0x55, 0x18,
        0x29, 0x62, 0x59, 0xA5, 0x15, 0x56, 0x56, 0xA1, 0x16, 0x94, 0x60, 0x6A, 0x06, 0x46, 0xA1, 0x19,
        0x55, 0x55, 0x46, 0x66, 0x26, 0x46, 0x65, 0x16, 0x60, 0x65, 0x95, 0xA6, 0x81, 0x86, 0x96, 0x25,
        0x9A, 0x85, 0x55, 0x6A, 0x14, 0x54, 0x15, 0x66, 0x55, 0x94, 0x6A, 0x99, 0x19, 0x55, 0xA6, 0x24,
        0x65, 0x21, 0x44, 0x84, 0x95, 0x68, 0x99, 0x54, 0x15, 0x89, 0x10, 0x40, 0x05, 0x54, 0x19, 0x09,
        0x02, 0x55, 0x66, 0x56, 0x09, 0x59, 0xA1, 0x01, 0x91, 0xA5, 0x40, 0x84, 0x55, 0x05, 0x9A, 0x29,
        0x58, 0x95, 0xA5, 0x58, 0x2A, 0x55, 0x25, 0x58, 0x61, 0x26, 0x09, 0x68, 0x55, 0x69, 0x55, 0x08,
        0x86, 0x96, 0x16, 0x56, 0x91, 0x49, 0x91, 0xA1, 0x21, 0xA5, 0xA2, 0x94, 0x8A, 0x29, 0x24, 0x59,
        0x41, 0x14, 0x92, 0x64, 0x5A, 0xA5, 0x84, 0x56, 0x45, 0x95, 0x66, 0x92, 0x15, 0x55, 0x16, 0x99,
        0x15, 0x52, 0xA1, 0x69, 0x94, 0x55, 0x41, 0x65, 0x12, 0x1A, 0xA5, 0x56, 0x52, 0x99, 0x26, 0x28,
        0x96, 0x15, 0x95, 0x55, 0x5A, 0x19, 0x56, 0x9A, 0x19, 0x55, 0x26, 0x66, 0x69, 0xA1, 0x55, 0x95,
        0x54, 0x58, 0x8A, 0x59, 0x85, 0x21, 0x65, 0x90, 0x51, 0x5A, 0x55, 0x15, 0x98, 0x82, 0x12, 0x62,
        0x58, 0x52, 0x96, 0x69, 0x25, 0x56, 0xA5, 0x44, 0x54, 0x42, 0x69, 0x19, 0x55, 0x55, 0x45, 0x42,
        0x98, 0x95, 0x25, 0x59, 0x4A, 0x65, 0x55, 0x15, 0x49, 0x59, 0x14, 0x15, 0x44, 0x59, 0x86, 0x55,
        0x62, 0x56, 0x11, 0x55, 0x85, 0x51, 0x19, 0x16, 0x58, 0x51, 0x55, 0x41, 0xA9, 0x62, 0x55, 0x15,
        0x1A, 0x99, 0x5A, 0xA2, 0x59, 0xA5, 0x22, 0x0A, 0x65, 0x94, 0x5A, 0x64, 0x99, 0x2A, 0x56, 0x96,
        0x65, 0x65, 0x9A, 0x96, 0xA2, 0x55, 0x96, 0x52, 0x69, 0x49, 0x69, 0x40, 0x12, 0x85, 0x00, 0x86,
        0x46, 0x65, 0x95, 0x48, 0x50, 0x89, 0x85, 0x51, 0x58, 0x55, 0x51, 0x21, 0x62, 0x55, 0x81, 0x45,
        0x29, 0x2A, 0x68, 0xA8, 0x65, 0x98, 0x5A, 0x95, 0x51, 0x45, 0x69, 0x98, 0x54, 0x51, 0x95, 0x12,
        0x55, 0xA9, 0x01, 0x51, 0x16, 0xA4, 0x66, 0x48, 0xA6, 0x95, 0x4A, 0x09, 0x6A, 0x09, 0x29, 0x2A,
        0x52, 0x56, 0x86, 0x95, 0x55, 0x58, 0x5A, 0x66, 0xA6, 0x26, 0x96, 0x86, 0x96, 0x96, 0x42, 0xA1,
        0x16, 0x95, 0x45, 0xA5, 0x96, 0x95, 0x5A, 0x5A, 0x15, 0x50, 0x26, 0x42, 0x58, 0x89, 0x91, 0x09,
        0x64, 0x51, 0x65, 0x55, 0xA4, 0x69, 0x52, 0x59, 0x51, 0x9A, 0x1A, 0x94, 0xA5, 0xA5, 0x91, 0x55,
        0x24, 0xA6, 0x66, 0x55, 0x6A, 0x94, 0x55, 0x09, 0x55, 0xA9, 0x80, 0x45, 0x58, 0x59, 0x68, 0x45,
        0x44, 0x15, 0xA4, 0x55, 0x48, 0x48, 0xA9, 0x21, 0x51, 0x99, 0x11, 0x59, 0x65, 0x55, 0x99, 0x50,
        0x85, 0x51, 0x99, 0x91, 0x95, 0x9A, 0x15, 0x69, 0x94, 0x5A, 0x99, 0x06, 0x54, 0xA6, 0x65, 0x15,
        0x52, 0x18, 0x95, 0x5A, 0x56, 0x96, 0x96, 0x59, 0xA8, 0x52, 0x86, 0x58, 0x95, 0x95, 0x6A, 0x50,
        0xA5, 0x52, 0x95, 0x60, 0x26, 0x55, 0x59, 0x26, 0x29, 0xA2, 0xA6, 0x66, 0x55, 0x46, 0x50, 0x19,
        0xA9, 0x55, 0x26, 0x65, 0xA8, 0x81, 0x55, 0x58, 0x15, 0x68, 0x15, 0x5A, 0x55, 0xA8, 0x09, 0x11,
        0x55, 0x66, 0x1A, 0xA8, 0x41, 0x66, 0x95, 0x1A, 0x61, 0x51, 0x41, 0x15, 0x59, 0x89, 0x5A, 0x26,
        0x19, 0x51, 0x12, 0x65, 0x96, 0x98, 0xAA, 0x56, 0x99, 0xAA, 0x15, 0xA4, 0x15, 0x95, 0x50, 0x55,
        0x51, 0x91, 0x16, 0x45, 0x26, 0x16, 0x95, 0x51, 0x91, 0x86, 0x89, 0x1A, 0x55, 0xA9, 0xA5, 0x92,
        0x86, 0x64, 0x52, 0x50, 0x65, 0x19, 0x55, 0x59, 0x4A, 0x18, 0x6A, 0x26, 0x85, 0x64, 0x25, 0x95,
        0x45, 0x92, 0x45, 0x25, 0xA2, 0x85, 0x96, 0x59, 0x55, 0x66, 0x15, 0x16, 0x29, 0x46, 0x41, 0x64,
        0x6A, 0xA6, 0x52, 0x95, 0x85, 0x5A, 0x96, 0x05, 0x15, 0x91, 0x65, 0x1A, 0x56, 0x91, 0x04, 0x52,
        0x99, 0x55, 0x64, 0x18, 0x91, 0x49, 0x65, 0x69, 0x80, 0x62, 0x08, 0x99, 0x49, 0x45, 0x19, 0x21,
        0x66, 0x58, 0x55, 0x59, 0x65, 0x94, 0x25, 0xA1, 0x61, 0x95, 0x24, 0x50, 0xA5, 0xA9, 0x89, 0x99,
        0x61, 0xA9, 0x55, 0x65, 0x95, 0x0A, 0x85, 0x16, 0x99, 0x94, 0x66, 0x69, 0x9A, 0x28, 0xAA, 0x41,
        0xA5, 0x65, 0x59, 0x5A, 0x46, 0x6A, 0x96, 0x46, 0x55, 0x55, 0x54, 0x96, 0x08, 0x94, 0x55, 0x61,
        0x45, 0x99, 0x56, 0x95, 0x51, 0x59, 0x99, 0x94, 0x52, 0x25, 0x66, 0x65, 0xA8, 0x19, 0x59, 0x59,
        0x25, 0x15, 0x59, 0x1A, 0x50, 0x55, 0xA9, 0x98, 0x81, 0x69, 0x96, 0x45, 0x59, 0x65, 0x56, 0x26,
        0x95, 0x66, 0xAA, 0x56, 0xA6, 0x5A, 0x94, 0x55, 0x24, 0x54, 0x94, 0x65, 0x20, 0x14, 0xA9, 0x80,
        0x54, 0x91, 0x6A, 0x46, 0x12, 0x0A, 0x95, 0x25, 0x64, 0x95, 0x61, 0x56, 0x99, 0xA9, 0x41, 0x84,
        0x29, 0x55, 0x94, 0x49, 0x58, 0x58, 0x95, 0xA6, 0x91, 0xA5, 0x56, 0x11, 0x41, 0xA6, 0x6A, 0xA5,
        0x56, 0x91, 0x91, 0x84, 0x51, 0xAA, 0x41, 0x59, 0x8A, 0x05, 0x81, 0x52, 0x4A, 0x59, 0x45, 0x55,
        0x52, 0x55, 0x49, 0x44, 0xA6, 0x91, 0x40, 0x51, 0x68, 0x5A, 0x61, 0x19, 0x95, 0x56, 0x16, 0x54,
        0x0A, 0x51, 0x66, 0x52, 0x55, 0x2A, 0x45, 0x66, 0x25, 0x0A, 0x51, 0x59, 0x85, 0x51, 0x99, 0x84,
        0x54, 0x95, 0x45, 0x96, 0x59, 0x96, 0x80, 0x60, 0x49, 0x96, 0x96, 0x65, 0x1A, 0x54, 0x19, 0x14,
        0x61, 0x18, 0x10, 0xA5, 0x45, 0x65, 0x59, 0x59, 0x58, 0x49, 0x99, 0x51, 0x11, 0x95, 0x99, 0x14,
        0x99, 0x91, 0x81, 0x96, 0x61, 0x65, 0x15, 0x46, 0x80, 0x05, 0x52, 0x59, 0x68, 0x29, 0x98, 0x41,
        0x46, 0x65, 0x08, 0xA6, 0x12, 0x56, 0x66, 0x55, 0xA5, 0x51, 0x46, 0x86, 0x54, 0x26, 0x55, 0xA5,
        0x69, 0x11, 0x99, 0x5A, 0x56, 0x99, 0x85, 0x16, 0xA4, 0x05, 0x51, 0x99, 0x6A, 0x40, 0x05, 0x99,
        0x55, 0x84, 0x52, 0x95, 0x24, 0x45, 0xA8, 0xA9, 0x04, 0x85, 0x59, 0x65, 0x59, 0x55, 0xA4, 0x65,
        0x55, 0x88, 0x56, 0x9A, 0x44, 0x65, 0x14, 0xA9, 0xA1, 0x49, 0x15, 0x08, 0x15, 0x6A, 0xA2, 0x85,
        0x94, 0x55, 0x44, 0x84, 0x95, 0x65, 0x6A, 0x55, 0x9A, 0x50, 0x54, 0x98, 0x61, 0x66, 0x16, 0xA1,
        0x16, 0x08, 0x49, 0x46, 0x91, 0x5A, 0x10, 0x95, 0x65, 0x45, 0x54, 0x61, 0x49, 0x95, 0x61, 0x09,
        0xA6, 0x10, 0xA9, 0x25, 0x59, 0xA6, 0x66, 0x66, 0x56, 0x99, 0x6A, 0x90, 0x96, 0x04, 0x55, 0xA9,
        0x05, 0x16, 0x51, 0x92, 0x50, 0x55, 0x94, 0x95, 0x65, 0x21, 0x02, 0x16, 0x29, 0x64, 0x44, 0x98,
        0x51, 0x06, 0x26, 0xAA, 0x55, 0x91, 0x16, 0x24, 0x65, 0x45, 0x50, 0x08, 0xA6, 0x54, 0x55, 0x95,
        0x66, 0x52, 0xA5, 0x56, 0x14, 0x5A, 0x59, 0x55, 0x46, 0x66, 0x85, 0x65, 0x05, 0x49, 0x9A, 0x28,
        0x14, 0x21, 0x59, 0x51, 0x59, 0x05, 0x56, 0x55, 0x42, 0x26, 0x16, 0x10, 0x54, 0x61, 0x01, 0x55,
        0x96, 0x19, 0x46, 0x85, 0x14, 0x85, 0x55, 0x46, 0x08, 0x54, 0x55, 0x54, 0x45, 0x91, 0x41, 0x5A,
        0x15, 0x15, 0x56, 0x96, 0x49, 0x14, 0x05, 0x4A, 0x05, 0x1A, 0x49, 0x59, 0x69, 0x59, 0x92, 0x05,
        0x55, 0x54, 0x42, 0x68, 0x59, 0xAA, 0x12, 0x59, 0x48, 0x49, 0x41, 0x56, 0x2A, 0x50, 0x18, 0x55,
        0x81, 0x55, 0x49, 0x59, 0x91, 0x12, 0x41, 0x05, 0x81, 0x19, 0x58, 0x95, 0xA5, 0x54, 0x5A, 0xA5,
        0x4A, 0x95, 0x16, 0x10, 0x60, 0xA4, 0x19, 0xA5, 0x62, 0x9A, 0x69, 0x4A, 0x56, 0x19, 0x54, 0x55,
        0x25, 0x49, 0x56, 0xA5, 0x42, 0xA5, 0x06, 0x55, 0x69, 0x45, 0x55, 0x15, 0x12, 0xA1, 0x49, 0x55,
        0x54, 0x86, 0x96, 0x52, 0x9A, 0xAA, 0x89, 0x61, 0x2A, 0x66, 0x85, 0x65, 0x45, 0x46, 0x54, 0xA9,
        0x69, 0x59, 0x60, 0x92, 0x55, 0x86, 0x96, 0x55, 0x06, 0x29, 0x45, 0xA4, 0x42, 0xA5, 0x24, 0x69,
        0x6A, 0xA9, 0x91, 0x06, 0x44, 0x28, 0xA4, 0x56, 0x69, 0xAA, 0x29, 0x15, 0x46, 0x25, 0x59, 0x65,
        0x55, 0x8A, 0x05, 0x51, 0x15, 0x6A, 0x4A, 0x65, 0x6A, 0x29, 0x28, 0x54, 0x46, 0x54, 0x82, 0x59,
        0xA9, 0xA1, 0x61, 0x99, 0x1A, 0x59, 0x99, 0x91, 0x19, 0x46, 0x51, 0x61, 0x49, 0x59, 0x10, 0x26,
        0x18, 0x05, 0x69, 0x65, 0x65, 0x56, 0x51, 0x59, 0xA5, 0xAA, 0x59, 0x65, 0x55, 0x15, 0x06, 0x85,
        0x11, 0x19, 0x45, 0x09, 0x46, 0x41, 0x65, 0x54, 0x45, 0x51, 0x12, 0x55, 0x61, 0x69, 0x44, 0x85,
        0x46, 0x54, 0x55, 0x45, 0x59, 0x51, 0x59, 0x9A, 0x16, 0x56, 0x08, 0x48, 0x49, 0xA9, 0x62, 0xA9,
        0x9A, 0x65, 0x41, 0x44, 0x89, 0x95, 0x66, 0x95, 0x69, 0x69, 0xA5, 0x56, 0x69, 0x64, 0x90, 0xA0,
        0x80, 0x65, 0x55, 0x65, 0x45, 0x44, 0x65, 0x29, 0x15, 0x81, 0x55, 0x9A, 0x95, 0x56, 0x59, 0x45,
        0x0A, 0x95, 0x29, 0x41, 0x46, 0x85, 0x86, 0x5A, 0xA5, 0x05, 0x50, 0x01, 0xA5, 0x56, 0x68, 0x69,
        0x94, 0x95, 0x59, 0x25, 0x95, 0x81, 0x28, 0x55, 0x59, 0x52, 0x69, 0xA6, 0x45, 0x66, 0x92, 0x45,
        0xA9, 0x55, 0x55, 0x51, 0x51, 0x59, 0x60, 0x19, 0xA6, 0x89, 0x85, 0x12, 0xA5, 0x54, 0x54, 0x98,
        0x15, 0x15, 0xA9, 0x08, 0x5A, 0x60, 0x54, 0x55, 0x8A, 0xA9, 0x95, 0x62, 0x96, 0x2A, 0x25, 0x15,
        0x06, 0x5A, 0x24, 0x69, 0xA5, 0x95, 0x16, 0x80, 0x56, 0x59, 0x50, 0x50, 0x05, 0x16, 0x45, 0x50,
        0x21, 0x11, 0x98, 0x82, 0x99, 0x49, 0x65, 0x22, 0x89, 0xA1, 0x55, 0xA1, 0x80, 0x65, 0x54, 0x51,
        0x18, 0x55, 0x52, 0x56, 0x68, 0x25, 0x6A, 0x41, 0x41, 0x65, 0x91, 0x42, 0x49, 0xA1, 0x55, 0x05,
        0x21, 0x95, 0x96, 0x69, 0x80, 0x46, 0x28, 0x14, 0xA4, 0x99, 0x95, 0x65, 0x25, 0x69, 0x24, 0x15,
        0x14, 0x59, 0x15, 0x89, 0x25, 0x44, 0x41, 0x54, 0x55, 0x94, 0x86, 0x55, 0x64, 0x8A, 0x95, 0x68,
        0x59, 0x4A, 0x66, 0x51, 0x85, 0x15, 0x52, 0xA1, 0x95, 0x85, 0x91, 0x8A, 0x54, 0x10, 0x55, 0x95,
        0x94, 0xA6, 0x56, 0x69, 0xA6, 0x64, 0x55, 0x51, 0x11, 0x52, 0x42, 0xAA, 0x40, 0x86, 0x56, 0x60,
        0x65, 0x18, 0x59, 0x15, 0x19, 0x94, 0x66, 0x56, 0x86, 0x91, 0x50, 0x62, 0x95, 0x59, 0x1A, 0x51,
        0x64, 0xA2, 0x91, 0xA2, 0x55, 0x15, 0x99, 0x86, 0x55, 0xAA, 0x25, 0x66, 0x99, 0x01, 0x00, 0x91,
        0x16, 0x05, 0x45, 0x95, 0x16, 0x19, 0x65, 0x54, 0x1A, 0x81, 0xA5, 0x55, 0x95, 0x95, 0x15, 0x66,
        0x99, 0x59, 0x15, 0x46, 0x94, 0x85, 0x21, 0x84, 0x55, 0x55, 0x99, 0x96, 0x65, 0x99, 0x52, 0x61,
        0x04, 0x46, 0x08, 0x40, 0x19, 0x69, 0x55, 0x52, 0x46, 0x4A, 0x14, 0x81, 0x64, 0x6A, 0x51, 0x94,
        0xA1, 0x6A, 0x55, 0x91, 0x16, 0x82, 0xA5, 0x5A, 0x98, 0x49, 0xA6, 0x8A, 0x12, 0x85, 0x54, 0x89,
        0x8A, 0x19, 0x61, 0xA1, 0x48, 0x45, 0x99, 0x16, 0xA4, 0x54, 0x44, 0x15, 0x04, 0x99, 0xA5, 0x55,
        0x65, 0x69, 0x58, 0x62, 0x06, 0x61, 0x46, 0xA9, 0x28, 0x55, 0x60, 0x5A, 0x55, 0x05, 0x58, 0xA9,
        0x9A, 0x66, 0x2A, 0x50, 0x50, 0x15, 0x60, 0xA6, 0x65, 0xA9, 0xA4, 0x45, 0x81, 0x58, 0xA9, 0x55,
        0x94, 0x54, 0x92, 0x91, 0x16, 0xA9, 0x85, 0x46, 0x69, 0x55, 0x54, 0x44, 0x59, 0x94, 0x95, 0x5A,
        0x56, 0x49, 0x24, 0x45, 0x19, 0x96, 0x55, 0xA5, 0x69, 0x66, 0x61, 0x65, 0x92, 0x19, 0x64, 0x84,
        0x55, 0x85, 0xA1, 0x85, 0x92, 0x49, 0x96, 0x6A, 0x21, 0x14, 0x44, 0x91, 0x01, 0x65, 0x25, 0x86,
        0x05, 0x99, 0x69, 0xA5, 0x01, 0x45, 0x45, 0xA1, 0x52, 0xA6, 0x91, 0x56, 0x55, 0x1A, 0x22, 0x8A,
        0x14, 0x64, 0x51, 0x54, 0x6A, 0x62, 0x66, 0x54, 0x26, 0x51, 0x56, 0xA5, 0x15, 0x61, 0x41, 0x84,
        0x65, 0x92, 0x94, 0x99, 0x45, 0x10, 0x44, 0x95, 0x5A, 0x4A, 0x5A, 0x99, 0x92, 0x54, 0xA5, 0x96,
        0x90, 0x91, 0x55, 0xA8, 0xA6, 0x55, 0x95, 0x54, 0x58, 0x51, 0x55, 0x15, 0x95, 0xA5, 0x49, 0x29,
        0x69, 0x96, 0x90, 0xA6, 0x66, 0x15, 0x61, 0x54, 0xA4, 0x55, 0x55, 0x0A, 0x91, 0xA4, 0x80, 0x24,
        0x51, 0x58, 0xA1, 0x02, 0x5A, 0x5A, 0x95, 0xA9, 0x55, 0x54, 0x45, 0x65, 0x95, 0x66, 0x5A, 0x52,
        0x56, 0x50, 0x91, 0x1A, 0x16, 0xA8, 0x81, 0x59, 0xA6, 0x54, 0x6A, 0x99, 0x54, 0x60, 0x55, 0x96,
        0x59, 0x66, 0x52, 0x46, 0x98, 0x65, 0x55, 0x85, 0x55, 0x42, 0x40, 0x15, 0x4A, 0xA6, 0x90, 0xA6,
        0x15, 0x45, 0x95, 0x16, 0x51, 0x51, 0x41, 0x4A, 0x9A, 0x82, 0x26, 0x56, 0x55, 0x55, 0x59, 0x52,
        0x55, 0x42, 0x82, 0x96, 0xA5, 0x99, 0x56, 0x46, 0x99, 0x62, 0x56, 0x49, 0x99, 0x95, 0x15, 0x65,
        0x91, 0x56, 0x55, 0x65, 0x54, 0x95, 0x54, 0x16, 0x99, 0x95, 0x55, 0xA5, 0x86, 0x16, 0x59, 0x45,
        0x44, 0x29, 0x45, 0x96, 0x50, 0x85, 0x66, 0x52, 0x46, 0x96, 0x15, 0x96, 0x06, 0x65, 0x1A, 0x96,
        0x89, 0x64, 0x05, 0x54, 0x56, 0x1A, 0x6A, 0x88, 0x51, 0x59, 0x55, 0x64, 0x14, 0x55, 0x56, 0x94,
        0x19, 0x08, 0x68, 0x42, 0x14, 0x25, 0x95, 0x89, 0x68, 0xA2, 0x95, 0x51, 0x69, 0x55, 0x94, 0x18,
        0x94, 0x56, 0x68, 0xA4, 0x51, 0x59, 0x60, 0xA6, 0x56, 0x06, 0x56, 0x06, 0x95, 0x89, 0x24, 0x65,
        0x45, 0x4A, 0x95, 0x55, 0xA5, 0x45, 0x82, 0x66, 0x55, 0x65, 0x49, 0x16, 0x11, 0xA1, 0xA0, 0x55,
        0x91, 0x44, 0x41, 0x99, 0x46, 0x62, 0x54, 0x56, 0x56, 0x94, 0x95, 0xA0, 0x89, 0x98, 0x82, 0x54,
        0x19, 0x65, 0x60, 0x8A, 0x6A, 0x52, 0x52, 0xA9, 0x59, 0x6A, 0x55, 0x20, 0x94, 0x61, 0x50, 0x98,
        0x62, 0x55, 0x86, 0x52, 0x29, 0xA9, 0x51, 0x55, 0x54, 0x49, 0x20, 0x85, 0x65, 0x95, 0x12, 0x65,
        0x15, 0x15, 0x65, 0x89, 0x52, 0x41, 0x55, 0x59, 0x14, 0x55, 0x90, 0x11, 0xA1, 0x65, 0x48, 0x66,
        0x95, 0x85, 0x89, 0x96, 0x06, 0x59, 0x6A, 0x58, 0x55, 0x6A, 0x51, 0x66, 0x56, 0x58, 0x52, 0x56,
        0xA4, 0x14, 0x9A, 0xA6, 0x5A, 0xA6, 0x5A, 0x6A, 0x41, 0x98, 0x56, 0x54, 0x95, 0x14, 0x15, 0x8A,
        0x66, 0x51, 0xAA, 0x1A, 0x59, 0x61, 0x56, 0x94, 0x54, 0x89, 0x6A, 0x50, 0x12, 0x16, 0x9A, 0x5A,
        0xAA, 0x68, 0x65, 0xA5, 0x45, 0x95, 0x48, 0x65, 0x45, 0xAA, 0x66, 0x65, 0x01, 0x19, 0x55, 0x88,
        0x99, 0x86, 0x59, 0x28, 0xA4, 0x15, 0x5A, 0x11, 0x98, 0x62, 0x86, 0x94, 0x19, 0xA4, 0x65, 0x14,
        0x85, 0x54, 0x29, 0x11, 0xA5, 0x15, 0x58, 0x56, 0x54, 0xA5, 0x51, 0x51, 0x95, 0x81, 0x91, 0x59,
        0x61, 0x69, 0x85, 0x54, 0x96, 0x56, 0x8A, 0x10, 0xA5, 0x56, 0x21, 0x89, 0x92, 0x25, 0xA1, 0x95,
        0x68, 0x66, 0x59, 0x45, 0x65, 0x55, 0x19, 0x48, 0x91, 0x55, 0x02, 0x49, 0x54, 0x51, 0x08, 0x19,
        0x55, 0x66, 0x51, 0x0A, 0x51, 0xA4, 0x66, 0x82, 0x65, 0x98, 0x80, 0x52, 0x56, 0x15, 0x16, 0x52,
        0x55, 0x95, 0xA1, 0x66, 0x05, 0x55, 0x59, 0x55, 0x55, 0x56, 0x8A, 0xA2, 0x58, 0xA5, 0x55, 0x94,
        0x48, 0xA4, 0x96, 0x91, 0x55, 0x40, 0x51, 0x96, 0x52, 0x48, 0xA9, 0x25, 0x66, 0x65, 0x61, 0x59,
        0x15, 0x52, 0x95, 0x5A, 0x15, 0x52, 0x59, 0x8A, 0x45, 0x66, 0x64, 0x4A, 0x86, 0x59, 0x66, 0x15,
        0x55, 0x11, 0x86, 0x84, 0x5A, 0x19, 0x20, 0x89, 0x66, 0x28, 0x69, 0x14, 0x65, 0xA9, 0x59, 0x81,
        0x89, 0x16, 0x49, 0x55, 0x94, 0x55, 0x56, 0x59, 0xA9, 0x46, 0x66, 0x59, 0x24, 0x99, 0x69, 0x54,
        0x59, 0x99, 0x99, 0x56, 0x55, 0x55, 0xA4, 0x1A, 0x59, 0x18, 0x45, 0x55, 0x46, 0x15, 0x65, 0x65,
        0x65, 0x48, 0x41, 0x45, 0x94, 0x94, 0xA9, 0x66, 0x19, 0x06, 0xA6, 0x54, 0xA5, 0x15, 0x45, 0x85,
        0x15, 0x66, 0xAA, 0x66, 0x95, 0xA5, 0x51, 0xA6, 0x84, 0x14, 0x65, 0xA1, 0x55, 0x66, 0x59, 0x5A,
        0x26, 0x1A, 0x54, 0x11, 0x95, 0xAA, 0x61, 0x21, 0x49, 0x84, 0x6A, 0x45, 0x68, 0x29, 0xA9, 0x85,
        0x96, 0xA1, 0x56, 0xA5, 0x44, 0x00, 0x45, 0x65, 0x55, 0x50, 0x12, 0x54, 0xA6, 0x01, 0x65, 0x86,
        0xA5, 0x95, 0x19, 0x15, 0x51, 0x50, 0x28, 0xA0, 0x4A, 0x15, 0x46, 0x54, 0x94, 0x24, 0x96, 0x65,
        0x15, 0x18, 0x40, 0x54, 0x5A, 0x52, 0x86, 0x91, 0x66, 0x59, 0x96, 0x56, 0x14, 0x55, 0x95, 0x11,
        0x65, 0x15, 0x55, 0xA2, 0x69, 0x59, 0x99, 0x59, 0x06, 0x55, 0x91, 0x05, 0x5A, 0x61, 0x59, 0x56,
        0x61, 0x61, 0x65, 0xA4, 0xAA, 0x26, 0x61, 0x66, 0x45, 0x81, 0x61, 0x66, 0x16, 0x42, 0x89, 0x65,
        0x25, 0x41, 0x44, 0x19, 0x85, 0x14, 0x91, 0x65, 0x55, 0x95, 0x55, 0x16, 0x65, 0x81, 0x65, 0x82,
        0x29, 0x95, 0x99, 0x11, 0x45, 0x55, 0x55, 0xA0, 0x44, 0x95, 0x49, 0x59, 0x15, 0x96, 0xA5, 0xAA,
        0x46, 0x49, 0x52, 0x14, 0xA5, 0x6A, 0x95, 0x69, 0xA5, 0x05, 0x15, 0x11, 0x59, 0x55, 0x49, 0x45,
        0x1A, 0x82, 0x56, 0xAA, 0x59, 0x55, 0x69, 0x66, 0x28, 0xA5, 0x99, 0x12, 0x51, 0x56, 0x51, 0x20,
        0x11, 0x0A, 0x9A, 0x8A, 0x64, 0x54, 0x16, 0x64, 0xA6, 0x15, 0x9A, 0xA4, 0x54, 0xA5, 0x65, 0x0A,
        0x94, 0xA5, 0x56, 0x06, 0x52, 0x49, 0x96, 0x65, 0x25, 0x85, 0xA8, 0x41, 0x09, 0x40, 0x45, 0x85,
        0x49, 0xA5, 0x05, 0x45, 0x11, 0x69, 0x55, 0xA1, 0x51, 0xAA, 0x1A, 0x62, 0x59, 0x54, 0x49, 0x55,
        0x98, 0x56, 0x99, 0x95, 0x85, 0x44, 0x1A, 0xA0, 0x04, 0x68, 0x51, 0x1A, 0x11, 0x56, 0x10, 0x51,
        0x59, 0x19, 0xA8, 0x94, 0x56, 0x12, 0x95, 0x59, 0x5A, 0x96, 0x16, 0x66, 0xAA, 0x91, 0x9A, 0x95,
        0x59, 0x99, 0x55, 0x19, 0x96, 0x5A, 0x45, 0x61, 0x50, 0x59, 0x58, 0x96, 0x59, 0x82, 0x56, 0x69,
        0xA5, 0x20, 0x84, 0x65, 0x52, 0x11, 0x59, 0x12, 0x66, 0x16, 0x05, 0x65, 0x19, 0x94, 0x49, 0x99,
        0x54, 0x82, 0x5A, 0x16, 0x46, 0x62, 0x69, 0x56, 0x66, 0x62, 0x95, 0x59, 0x16, 0x5A, 0x16, 0x64,
        0x85, 0x99, 0xA6, 0x68, 0x95, 0x56, 0x62, 0x15, 0x85, 0x48, 0x16, 0x22, 0x14, 0x69, 0xA1, 0x55,
        0x64, 0x59, 0x26, 0xA5, 0x41, 0x48, 0x55, 0x82, 0x55, 0x45, 0x86, 0x02, 0x54, 0x26, 0x55, 0x58,
        0x96, 0x44, 0x59, 0x56, 0x96, 0x99, 0x05, 0x94, 0x65, 0x16, 0x16, 0x52, 0x55, 0x9A, 0x2A, 0x45,
        0xA0, 0x59, 0x56, 0x89, 0x96, 0x55, 0x01, 0x55, 0x88, 0x19, 0xA5, 0xA6, 0xA2, 0x55, 0x95, 0x51,
        0x61, 0x95, 0x40, 0x58, 0x25, 0x94, 0x26, 0x52, 0x55, 0x55, 0x96, 0x15, 0x59, 0x5A, 0x55, 0x16,
        0x09, 0x10, 0x14, 0x85, 0xA5, 0x25, 0x65, 0x66, 0x4A, 0x5A, 0x06, 0x51, 0x95, 0x52, 0x50, 0x61,
        0x60, 0x50, 0xAA, 0x56, 0x25, 0x55, 0x81, 0x46, 0x55, 0x14, 0x9A, 0xA9, 0x92, 0x95, 0x95, 0x61,
        0x29, 0x16, 0x46, 0x54, 0x52, 0x65, 0x11, 0x5A, 0x65, 0x44, 0x50, 0x66, 0x65, 0x99, 0x9A, 0x12,
        0x52, 0x11, 0x61, 0x25, 0xA4, 0x65, 0x56, 0x85, 0x65, 0x94, 0x5A, 0x61, 0x55, 0x5A, 0x55, 0x55,
        0x96, 0x11, 0x26, 0x05, 0x95, 0x64, 0x96, 0x58, 0x55, 0x65, 0x41, 0x95, 0x12, 0x28, 0x66, 0x65,
        0x85, 0x10, 0x26, 0xA8, 0x44, 0x9A, 0x55, 0x45, 0x99, 0x22, 0x56, 0x6A, 0x49, 0x59, 0x99, 0x66,
        0x60, 0x91, 0x66, 0x59, 0x55, 0x92, 0x64, 0x91, 0x55, 0x49, 0x55, 0xA6, 0x99, 0x9A, 0x50, 0x5A,
        0x29, 0x96, 0x55, 0x56, 0x99, 0x9A, 0x95, 0x59, 0x19, 0xA4, 0x69, 0x99, 0x45, 0x9A, 0x9A, 0x29,
        0xA4, 0x99, 0x65, 0x60, 0x58, 0x65, 0x56, 0x55, 0x25, 0x49, 0xA5, 0x64, 0x80, 0x92, 0x95, 0x9A,
        0x25, 0x56, 0x15, 0x51, 0x55, 0x69, 0x56, 0xA6, 0x59, 0x49, 0x45, 0x65, 0x66, 0x6A, 0x51, 0x88,
        0x66, 0x41, 0xA9, 0x66, 0x29, 0x9A, 0x59, 0x65, 0x11, 0x45, 0x51, 0x65, 0x61, 0x40, 0xA4, 0x65,
        0x54, 0x1A, 0x48, 0x26, 0x06, 0x95, 0x19, 0x55, 0x90, 0x56, 0x55, 0x54, 0xA5, 0x68, 0x46, 0x64,
        0x55, 0x14, 0x55, 0x46, 0x19, 0x52, 0x96, 0x54, 0x99, 0x90, 0x9A, 0x60, 0x95, 0x11, 0x56, 0x54,
        0x29, 0xA9, 0x6A, 0x65, 0xA1, 0x15, 0x65, 0xAA, 0x16, 0xA8, 0x89, 0x96, 0x54, 0xA2, 0x92, 0x5A,
        0x56, 0x1A, 0x65, 0x49, 0x51, 0x15, 0x46, 0x59, 0x58, 0x55, 0x26, 0x55, 0xA9, 0x05, 0x1A, 0x55,
        0x80, 0x41, 0x56, 0x51, 0x68, 0x45, 0x61, 0x49, 0x56, 0x15, 0x15, 0x46, 0x52, 0xA8, 0x61, 0xA9,
        0x55, 0x52, 0x94, 0x66, 0x65, 0x82, 0x09, 0x98, 0x92, 0x49, 0x46, 0x9A, 0x95, 0x99, 0x81, 0xA6,
        0xA9, 0x15, 0x5A, 0x68, 0x59, 0x59, 0x95, 0x5A, 0x41, 0x96, 0x56, 0x45, 0x64, 0x81, 0x99, 0x48,
        0x95, 0x65, 0x98, 0x54, 0xA1, 0x54, 0x1A, 0xA0, 0x16, 0x19, 0x91, 0x55, 0x62, 0x81, 0x55, 0x15,
        0x1A, 0x1A, 0x58, 0x6A, 0x65, 0x2A, 0xA1, 0x60, 0x58, 0x54, 0x4A, 0x64, 0x95, 0x96, 0x65, 0x99,
        0x69, 0x19, 0x15, 0x1A, 0x5A, 0x41, 0x44, 0x26, 0x16, 0x82, 0x45, 0x58, 0x55, 0x6A, 0x45, 0x95,
        0x94, 0x15, 0x95, 0x59, 0xA5, 0xAA, 0x96, 0xA8, 0x44, 0x94, 0x55, 0x64, 0x15, 0x68, 0x99, 0x5A,
        0x16, 0x45, 0x51, 0x51, 0x65, 0x59, 0x69, 0x55, 0x05, 0x65, 0x55, 0x95, 0x94, 0x51, 0x15, 0x11,
        0x59, 0x55, 0x45, 0x66, 0x45, 0x41, 0x59, 0x09, 0x26, 0x65, 0x69, 0x42, 0x44, 0xA4, 0x69, 0x56,
        0x59, 0xAA, 0x55, 0xA5, 0x52, 0x85, 0x16, 0x99, 0x26, 0x56, 0xA1, 0x51, 0x45, 0x56, 0xA9, 0x95,
        0xA8, 0x66, 0x24, 0x89, 0x15, 0x0A, 0x28, 0x16, 0x14, 0x15, 0x95, 0x59, 0x82, 0x02, 0x52, 0x69,
        0x56, 0x61, 0x46, 0x54, 0x51, 0x59, 0x94, 0xA8, 0xA6, 0x46, 0x26, 0x55, 0x46, 0x94, 0x65, 0x54,
        0x95, 0x98, 0x95, 0x96, 0x62, 0x45, 0x54, 0x55, 0x64, 0x66, 0x65, 0x96, 0x85, 0xAA, 0x61, 0x1A,
        0x29, 0x94, 0xA5, 0x55, 0x89, 0x50, 0x49, 0xA9, 0x56, 0x56, 0x55, 0x46, 0x85, 0x66, 0x06, 0x15,
        0x55, 0x95, 0x58, 0x94, 0x91, 0x99, 0x56, 0xA5, 0x94, 0x66, 0x0A, 0x50, 0x45, 0xA1, 0x56, 0x95,
        0x65, 0x6A, 0x45, 0x49, 0x25, 0x99, 0x26, 0x50, 0x9A, 0x56, 0xA4, 0x51, 0x85, 0xA4, 0x1A, 0xA5,
        0x54, 0x96, 0x91, 0xA4, 0x50, 0x41, 0x52, 0x55, 0x94, 0xA5, 0x89, 0x60, 0x95, 0x59, 0x65, 0x15,
        0x86, 0xA2, 0xA9, 0x01, 0x86, 0x49, 0x19, 0x58, 0x55, 0x95, 0x60, 0x66, 0x15, 0x52, 0x91, 0x8A,
        0x4A, 0x6A, 0x55, 0xA6, 0x66, 0x69, 0x65, 0x62, 0x56, 0x20, 0x15, 0x69, 0x58, 0x56, 0x66, 0xA5,
        0x96, 0x88, 0x29, 0x16, 0x04, 0x16, 0x52, 0x85, 0x25, 0x65, 0x54, 0x50, 0x95, 0x62, 0x51, 0x55,
        0x05, 0x45, 0x51, 0x5A, 0x59, 0x86, 0x59, 0x85, 0x54, 0x51, 0x2A, 0x59, 0x26, 0x15, 0x06, 0x18,
        0xA2, 0x50, 0x06, 0x55, 0x9A, 0x54, 0x19, 0x09, 0x6A, 0x50, 0x56, 0x95, 0x42, 0x21, 0x94, 0x66,
        0x65, 0x98, 0x5A, 0x66, 0x51, 0xA5, 0x99, 0x85, 0x45, 0xA9, 0x04, 0x44, 0x00, 0x59, 0x98, 0x49,
        0x91, 0x55, 0x69, 0x09, 0x9A, 0x15, 0x15, 0x54, 0x99, 0x49, 0x86, 0xA4, 0x59, 0x12, 0x55, 0x94,
        0x85, 0x50, 0x05, 0x55, 0x95, 0x56, 0x5A, 0x64, 0x90, 0x42, 0x18, 0x5A, 0xA8, 0x61, 0x90, 0x55,
        0x45, 0x4A, 0x64, 0x06, 0x99, 0x55, 0x90, 0x69, 0x55, 0x55, 0xA6, 0x58, 0x20, 0x55, 0x18, 0x69,
        0x56, 0x66, 0xA6, 0xA2, 0x25, 0x51, 0x65, 0x06, 0x50, 0x54, 0x59, 0x46, 0x6A, 0x29, 0xA5, 0x9A,
        0x05, 0x89, 0x81, 0x59, 0x51, 0x58, 0x58, 0x58, 0x82, 0x56, 0x96, 0x96, 0x01, 0x56, 0x54, 0x9A,
        0x15, 0x46, 0x94, 0x5A, 0x64, 0x51, 0x68, 0x99, 0x44, 0x98, 0x40, 0x55, 0x24, 0x18, 0x60, 0xA6,
        0x59, 0x54, 0x60, 0x92, 0x41, 0x81, 0x59, 0x69, 0x51, 0x69, 0x45, 0x8A, 0x54, 0x15, 0x44, 0x59,
        0x92, 0x9A, 0x24, 0x4A, 0x99, 0x89, 0x15, 0x04, 0x6A, 0x61, 0x59, 0x49, 0x9A, 0x2A, 0x95, 0x54,
        0x96, 0x55, 0x69, 0x56, 0x48, 0xA5, 0x95, 0x50, 0xA5, 0x55, 0x22, 0x68, 0x41, 0x95, 0x81, 0x51,
        0x61, 0x55, 0x50, 0x50, 0x64, 0x16, 0x52, 0x29, 0x55, 0x85, 0xA2, 0x99, 0x91, 0x59, 0x4A, 0x56,
        0x64, 0x65, 0x54, 0xA1, 0x21, 0x56, 0x82, 0x45, 0x54, 0x99, 0x49, 0x59, 0x96, 0x68, 0xA6, 0x84,
        0x26, 0x44, 0xA8, 0x54, 0x04, 0x50, 0x91, 0x98, 0x59, 0x12, 0x04, 0x55, 0x15, 0x56, 0x96, 0x96,
        0x46, 0x66, 0x41, 0x59, 0x41, 0x28, 0x56, 0x50, 0x15, 0x16, 0x96, 0x55, 0x65, 0x64, 0x10, 0x5A,
        0x52, 0x59, 0xA9, 0x91, 0x11, 0x29, 0x52, 0xA5, 0x95, 0x9A, 0x56, 0x5A, 0x59, 0x69, 0x19, 0x61,
        0x26, 0x94, 0x69, 0x85, 0x16, 0x69, 0x98, 0x59, 0x42, 0x60, 0xA5, 0x12, 0x95, 0x60, 0x4A, 0x56,
        0x59, 0x55, 0x68, 0x84, 0x16, 0x19, 0x19, 0x56, 0x91, 0x95, 0x55, 0x19, 0xA8, 0x88, 0x16, 0x19,
        0x48, 0xA5, 0x5A, 0xAA, 0x54, 0x50, 0x49, 0x09, 0x24, 0x85, 0x65, 0x49, 0x16, 0xA5, 0x1A, 0x65,
        0x66, 0x60, 0x65, 0x9A, 0x82, 0x90, 0x06, 0x55, 0x49, 0x95, 0x59, 0xA9, 0x98, 0xA4, 0xAA, 0x16,
        0x56, 0x61, 0x55, 0x21, 0x19, 0x59, 0x55, 0x11, 0xA5, 0x69, 0x55, 0x95, 0x99, 0x59, 0x15, 0x91,
        0x18, 0x21, 0x11, 0x6A, 0xA4, 0xA5, 0x52, 0x55, 0x91, 0x98, 0xA9, 0x51, 0x55, 0x64, 0x85, 0x61,
        0x16, 0x25, 0x60, 0xA8, 0x24, 0x40, 0x55, 0x59, 0x64, 0x58, 0x66, 0x68, 0x99, 0x46, 0x48, 0x84,
        0x21, 0x41, 0x15, 0x28, 0x5A, 0x2A, 0x45, 0x08, 0x45, 0x58, 0x54, 0x61, 0x06, 0x15, 0x95, 0x55,
        0x95, 0x66, 0x96, 0x19, 0x49, 0x91, 0x41, 0x15, 0x44, 0x51, 0x11, 0x58, 0x41, 0x59, 0xA6, 0x55,
        0x61, 0x65, 0x5A, 0x26, 0x5A, 0x21, 0x1A, 0xA1, 0x05, 0x96, 0x6A, 0x55, 0x59, 0x52, 0x45, 0x65,
        0x69, 0x55, 0x88, 0xA0, 0x52, 0xA1, 0x49, 0x44, 0x65, 0xA5, 0xA9, 0x55, 0x6A, 0x8A, 0x95, 0x95,
        0x69, 0x51, 0x95, 0x61, 0x4A, 0x95, 0x95, 0xA4, 0x59, 0x55, 0x68, 0x05, 0x99, 0xA6, 0x51, 0x56,
        0x29, 0x60, 0x84, 0x4A, 0xA9, 0x68, 0x65, 0xA5, 0x95, 0x6A, 0x64, 0x55, 0x65, 0x46, 0x5A, 0x11,
        0x85, 0x89, 0x26, 0x69, 0x95, 0x54, 0x49, 0x44, 0x59, 0x41, 0x82, 0x46, 0x85, 0x55, 0x15, 0x46,
        0x54, 0x60, 0x81, 0x25, 0x56, 0xA5, 0x51, 0x59, 0x05, 0x45, 0xA1, 0x45, 0x45, 0x91, 0x59, 0x85,
        0x95, 0x96, 0xA5, 0x46, 0x9A, 0x55, 0x58, 0x15, 0x52, 0x25, 0x15, 0x95, 0x95, 0x59, 0x59, 0x05,
        0x02, 0x64, 0x69, 0x21, 0xA2, 0x1A, 0x99, 0x48, 0x68, 0x91, 0x96, 0x59, 0x69, 0x0A, 0x01, 0x64,
        0x25, 0x12, 0x45, 0x56, 0x22, 0x64, 0x58, 0x65, 0x64, 0x94, 0x44, 0x59, 0x55, 0x65, 0x52, 0x50,
        0x5A, 0x6A, 0x5A, 0x95, 0x22, 0x01, 0x65, 0x40, 0x85, 0x21, 0x85, 0x56, 0x50, 0x12, 0x52, 0x16,
        0xA2, 0x95, 0x61, 0x68, 0x11, 0x12, 0x9A, 0x60, 0x46, 0x49, 0x94, 0x6A, 0x05, 0x98, 0x51, 0x69,
        0x94, 0xA6, 0x00, 0x94, 0x58, 0x61, 0x50, 0x21, 0x14, 0x66, 0x59, 0x51, 0x69, 0x04, 0x69, 0x41,
        0x60, 0xA5, 0x96, 0x50, 0x48, 0x59, 0x01, 0x5A, 0x55, 0x64, 0x28, 0xA5, 0x52, 0x15, 0x48, 0x18,
        0x56, 0x25, 0x56, 0x56, 0x56, 0x0A, 0x86, 0x95, 0x15, 0x55, 0xA8, 0x85, 0x58, 0x25, 0x94, 0x64,
        0x64, 0x45, 0x26, 0x94, 0x05, 0x5A, 0x41, 0x91, 0x11, 0x04, 0x19, 0x9A, 0x98, 0x09, 0x4A, 0x64,
        0x55, 0x95, 0x55, 0x65, 0x09, 0x96, 0x59, 0x80, 0x41, 0x5A, 0x51, 0x15, 0x86, 0x69, 0xA5, 0x54,
        0x56, 0x25, 0x95, 0x19, 0x5A, 0x56, 0x56, 0x91, 0x69, 0x49, 0x46, 0xA6, 0x92, 0x05, 0x6A, 0x55,
        0x59, 0x58, 0x98, 0x2A, 0x59, 0x58, 0x06, 0x5A, 0x0A, 0x98, 0x59, 0x9A, 0x51, 0xA1, 0x65, 0x41,
        0x59, 0x96, 0x66, 0x85, 0x24, 0x96, 0x4A, 0xA9, 0xA5, 0x52, 0x55, 0x81, 0x05, 0x56, 0x11, 0x94,
        0x56, 0x6A, 0x16, 0x9A, 0x62, 0xA9, 0x45, 0x50, 0x55, 0x09, 0x66, 0x11, 0x65, 0x98, 0x94, 0x66,
        0x2A, 0xA9, 0x9A, 0xA5, 0x26, 0x98, 0x45, 0x65, 0x95, 0x18, 0x26, 0x60, 0x9A, 0x56, 0x24, 0x94,
        0x56, 0x45, 0x2A, 0x55, 0x65, 0x91, 0x86, 0x86, 0x61, 0x01, 0x81, 0x59, 0x95, 0x02, 0x21, 0x65,
        0x15, 0x45, 0x08, 0x41, 0x55, 0x26, 0x61, 0x45, 0x90, 0x09, 0x45, 0x98, 0x61, 0x49, 0x55, 0xA1,
        0x55, 0x29, 0x46, 0x22, 0x64, 0x00, 0x95, 0x14, 0xA5, 0x98, 0x59, 0x59, 0x11, 0x1A, 0x88, 0x51,
        0x60, 0x54, 0xA1, 0x56, 0x6A, 0x65, 0x5A, 0x49, 0x64, 0x69, 0xA6, 0x19, 0x41, 0x56, 0x05, 0x45,
        0xA5, 0x98, 0x95, 0x15, 0x45, 0x48, 0x21, 0x15, 0x81, 0x96, 0x51, 0xA5, 0xA5, 0x69, 0x86, 0xA6,
        0x95, 0x54, 0x46, 0x55, 0x68, 0x65, 0xAA, 0x26, 0x54, 0x55, 0x59, 0x96, 0x55, 0x29, 0x4A, 0xA1,
        0x9A, 0x56, 0x56, 0x95, 0x08, 0x94, 0x15, 0x40, 0x95, 0x59, 0x86, 0x58, 0x21, 0x81, 0x01, 0x91,
        0xA5, 0x59, 0x61, 0x56, 0x26, 0x51, 0x21, 0x50, 0x4A, 0x41, 0x52, 0x69, 0x01, 0x29, 0x61, 0x15,
        0x41, 0x45, 0x55, 0x95, 0x15, 0x01, 0x59, 0x46, 0x4A, 0x85, 0x62, 0x59, 0x46, 0xA4, 0x99, 0x52,
        0x58, 0x5A, 0x91, 0x45, 0x11, 0x56, 0x55, 0x56, 0x66, 0x49, 0x5A, 0x25, 0x95, 0x66, 0x19, 0xA9,
        0x9A, 0x59, 0x12, 0xA5, 0x96, 0x65, 0xA5, 0x95, 0x65, 0x56, 0xA1, 0x44, 0x49, 0x5A, 0x25, 0x46,
        0x65, 0xA8, 0x65, 0x26, 0x55, 0x8A, 0x9A, 0x91, 0x81, 0x55, 0x99, 0xA8, 0x4A, 0x54, 0x14, 0x26,
        0x99, 0x26, 0x45, 0x98, 0x05, 0x62, 0x26, 0x66, 0xAA, 0x65, 0x59, 0x12, 0x28, 0x81, 0x55, 0xA4,
        0x55, 0x14, 0x55, 0x95, 0x96, 0x95, 0x95, 0x14, 0x58, 0x48, 0xA8, 0x9A, 0x95, 0x90, 0x09, 0x40,
        0xA5, 0x51, 0x95, 0x65, 0x56, 0x59, 0x55, 0x95, 0x6A, 0x55, 0x69, 0x56, 0x81, 0x85, 0x50, 0xAA,
        0x15, 0x22, 0x64, 0xA5, 0x69, 0x66, 0x92, 0x06, 0x64, 0x9A, 0x82, 0x55, 0x55, 0x4A, 0x54, 0x5A,
        0x09, 0x59, 0x12, 0x64, 0x66, 0x59, 0x96, 0x99, 0x56, 0x66, 0x60, 0x59, 0x51, 0x46, 0x45, 0xA5,
        0xA9, 0x55, 0x29, 0xA9, 0x05, 0x65, 0xA4, 0x62, 0x09, 0x59, 0x2A, 0x05, 0x69, 0x15, 0x91, 0x4A,
        0xA5, 0x99, 0x56, 0x85, 0x11, 0x24, 0xA5, 0x61, 0x50, 0x85, 0x19, 0x65, 0x95, 0x65, 0x59, 0x65,
        0x59, 0x65, 0x90, 0x84, 0x91, 0x64, 0x51, 0x65, 0x2A, 0x94, 0x51, 0x19, 0x50, 0xA5, 0x5A, 0x14,
        0x4A, 0x1A, 0x16, 0x12, 0x85, 0x64, 0x11, 0x91, 0x05, 0x64, 0x44, 0xA5, 0x62, 0x9A, 0x21, 0x98,
        0x45, 0x51, 0x26, 0x16, 0x56, 0x88, 0x5A, 0xA5, 0x11, 0x46, 0x5A, 0x19, 0x92, 0x95, 0x51, 0x95,
        0x66, 0x28, 0x06, 0x55, 0x29, 0x46, 0x20, 0xA1, 0x91, 0x65, 0x52, 0x29, 0x5A, 0xA9, 0x56, 0x94,
        0x1A, 0x08, 0x69, 0x19, 0xA0, 0x56, 0x52, 0x96, 0x52, 0x86, 0x55, 0xA5, 0x65, 0x56, 0x11, 0x94,
        0x21, 0x59, 0x66, 0x9A, 0x25, 0x95, 0x59, 0x04, 0x65, 0x68, 0x55, 0x56, 0xA6, 0x95, 0x45, 0x61,
        0x46, 0x12, 0x56, 0x48, 0xA5, 0x95, 0x69, 0x48, 0x95, 0x95, 0x69, 0x65, 0x94, 0xA1, 0x91, 0x8A,
        0x64, 0x55, 0x5A, 0x99, 0xA9, 0x65, 0x59, 0x58, 0x01, 0x66, 0x92, 0x69, 0x55, 0x5A, 0x90, 0x88,
        0x55, 0x69, 0x5A, 0x06, 0xA1, 0x44, 0xA9, 0x54, 0x62, 0xA2, 0x09, 0x59, 0x65, 0x85, 0x95, 0x51,
        0x98, 0x95, 0x62, 0x59, 0x59, 0x52, 0x21, 0x59, 0x85, 0x9A, 0xA4, 0x99, 0x65, 0x46, 0x51, 0x55,
        0x96, 0x68, 0x99, 0x55, 0x55, 0xA9, 0x69, 0x45, 0x04, 0x8A, 0x65, 0x62, 0x85, 0x65, 0x4A, 0x6A,
        0xA1, 0x69, 0x85, 0x84, 0x5A, 0x5A, 0x59, 0x5A, 0x64, 0x65, 0x05, 0x58, 0x25, 0x45, 0x15, 0x44,
        0x96, 0x59, 0xA5, 0xA6, 0x52, 0x80, 0x95, 0x65, 0x25, 0x09, 0x65, 0x54, 0x11, 0x15, 0x14, 0x59,
        0x55, 0x56, 0x56, 0x54, 0x96, 0x81, 0x94, 0x4A, 0x56, 0x22, 0x91, 0x68, 0x18, 0x2A, 0x26, 0x56,
        0xA9, 0x99, 0x48, 0xA8, 0x95, 0x28, 0x55, 0x55, 0x84, 0x58, 0x09, 0x11, 0x44, 0x5A, 0x65, 0x65,
        0x59, 0x11, 0x41, 0x55, 0x64, 0x29, 0x59, 0x8A, 0x06, 0xA2, 0x96, 0x55, 0x9A, 0x56, 0x65, 0x61,
        0x88, 0x11, 0x11, 0xA6, 0x60, 0x55, 0x59, 0x19, 0x15, 0x12, 0x54, 0x04, 0x99, 0x44, 0x59, 0x24,
        0x55, 0x58, 0x95, 0x49, 0x66, 0x49, 0x29, 0x52, 0x94, 0x12, 0x61, 0xA9, 0x12, 0x54, 0x14, 0x86,
        0x4A, 0x65, 0x15, 0x15, 0x4A, 0xA8, 0x5A, 0x19, 0x95, 0x49, 0x1A, 0x51, 0xA9, 0x25, 0xA6, 0x69,
        0x2A, 0x1A, 0xA5, 0x56, 0x04, 0x85, 0x65, 0x56, 0x44, 0x59, 0x15, 0x4A, 0x81, 0x19, 0x55, 0x5A,
        0x45, 0x54, 0xA5, 0x65, 0x59, 0x0A, 0x95, 0x65, 0xA1, 0x60, 0x29, 0x91, 0x52, 0xA5, 0x19, 0x56,
        0x46, 0x5A, 0x60, 0xA6, 0x68, 0x21, 0x59, 0x14, 0x28, 0x60, 0xA2, 0x1A, 0x55, 0x99, 0x49, 0xAA,
        0x85, 0x26, 0xA8, 0x65, 0x1A, 0x40, 0x65, 0x59, 0xA6, 0x64, 0x55, 0x56, 0xA5, 0x19, 0x49, 0x56,
        0x25, 0x65, 0x61, 0x69, 0x45, 0x26, 0x64, 0x85, 0x64, 0x99, 0x45, 0x91, 0x9A, 0x66, 0x5A, 0x0A,
        0x26, 0x15, 0x66, 0x15, 0x10, 0x95, 0x45, 0x28, 0x15, 0x9A, 0x86, 0x19, 0x15, 0x4A, 0x90, 0x55,
        0x59, 0x25, 0x64, 0x59, 0x56, 0xA1, 0x02, 0x89, 0x05, 0x59, 0x5A, 0x55, 0x26, 0x50, 0x55, 0xA9,
        0x60, 0xA1, 0x85, 0x86, 0xAA, 0x65, 0xA4, 0x15, 0x55, 0x55, 0x65, 0x54, 0x52, 0x21, 0x50, 0x9A,
        0x55, 0xA2, 0x90, 0x11, 0xA5, 0x92, 0x94, 0x58, 0x56, 0x25, 0x5A, 0x9A, 0x25, 0x52, 0x88, 0x14,
        0x95, 0x24, 0xAA, 0x55, 0x15, 0x19, 0x6A, 0xA9, 0x56, 0xA6, 0x54, 0x89, 0x51, 0x5A, 0x91, 0x85,
        0xAA, 0x61, 0x85, 0x51, 0x4A, 0x62, 0x86, 0x68, 0x51, 0x15, 0x45, 0x2A, 0x56, 0x12, 0x55, 0x16,
        0x55, 0xA9, 0x52, 0x11, 0x21, 0x81, 0x65, 0x44, 0x55, 0x55, 0x01, 0x15, 0x69, 0x09, 0x99, 0x59,
        0x55, 0x5A, 0x69, 0x40, 0x08, 0x94, 0x96, 0x55, 0x28, 0x56, 0x55, 0x10, 0x55, 0xA8, 0x52, 0x28,
        0x61, 0xA1, 0xA8, 0x28, 0x15, 0x95, 0xA9, 0x82, 0x84, 0xA1, 0x68, 0xA1, 0x84, 0x59, 0x59, 0x95,
        0x96, 0x29, 0x65, 0x95, 0x95, 0x66, 0x54, 0x54, 0x21, 0x81, 0xA9, 0x6A, 0x61, 0x11, 0x18, 0x46,
        0x65, 0x25, 0x98, 0x56, 0x56, 0x92, 0x96, 0x2A, 0xA4, 0x62, 0x89, 0x69, 0xA1, 0x69, 0x14, 0x94,
        0x19, 0x4A, 0x65, 0xA1, 0x58, 0x11, 0x64, 0x56, 0x96, 0x84, 0x19, 0x5A, 0x69, 0x96, 0xA4, 0x6A,
        0x85, 0x61, 0x86, 0x5A, 0x24, 0x5A, 0x89, 0x64, 0x45, 0x49, 0x51, 0x55, 0x10, 0x50, 0x92, 0x66,
        0xA4, 0x69, 0x85, 0x55, 0x69, 0x12, 0x96, 0x09, 0x2A, 0x61, 0xA1, 0x22, 0x55, 0x51, 0x54, 0x42,
        0xA5, 0x25, 0x04, 0x60, 0x91, 0x15, 0x99, 0x88, 0x95, 0xA9, 0x59, 0x05, 0x48, 0x29, 0x42, 0x59,
        0x45, 0x19, 0xA1, 0x81, 0xA5, 0x55, 0x56, 0x54, 0x95, 0x56, 0xAA, 0x66, 0x1A, 0x15, 0x58, 0x2A,
        0x56, 0x61, 0x65, 0x69, 0x05, 0x69, 0x69, 0x50, 0x99, 0x52, 0x66, 0x8A, 0x60, 0x91, 0x44, 0x25,
        0x16, 0x5A, 0x96, 0x95, 0x94, 0x49, 0x51, 0x96, 0x26, 0x95, 0x66, 0x55, 0xA4, 0xA6, 0x96, 0x6A,
        0x49, 0x96, 0x1A, 0x92, 0x28, 0x99, 0x41, 0x44, 0xA4, 0x21, 0x29, 0xA5, 0x85, 0x58, 0x65, 0x51,
        0x89, 0x86, 0x59, 0x1A, 0x25, 0x95, 0x56, 0x56, 0x56, 0x22, 0x5A, 0x15, 0x41, 0x11, 0x46, 0x1A,
        0x05, 0x82, 0x15, 0x49, 0x99, 0x98, 0x11, 0x54, 0x98, 0x16, 0x14, 0x19, 0x95, 0x65, 0x59, 0x54,
        0x96, 0x82, 0x11, 0x61, 0x56, 0x55, 0x24, 0x94, 0x50, 0x64, 0x45, 0x15, 0x66, 0x9A, 0x48, 0x60,
        0xA4, 0x55, 0x65, 0x99, 0x06, 0x84, 0x51, 0x08, 0x41, 0x54, 0x65, 0x6A, 0x98, 0x61, 0x0A, 0x54,
        0x42, 0x5A, 0x45, 0x49, 0x96, 0x55, 0x5A, 0x99, 0x1A, 0xA1, 0x66, 0x12, 0x15, 0x66, 0xA5, 0xA2,
        0x54, 0x25, 0x58, 0x62, 0x99, 0x5A, 0x56, 0x54, 0x55, 0x69, 0x60, 0x95, 0x56, 0x55, 0x44, 0x98,
        0xA8, 0x54, 0x86, 0x40, 0x55, 0x84, 0x10, 0x54, 0x9A, 0x00, 0x4A, 0x96, 0x16, 0x05, 0x5A, 0xA9,
        0x55, 0x49, 0x56, 0x61, 0x26, 0x52, 0x62, 0x60, 0x29, 0x94, 0x96, 0x54, 0x86, 0x89, 0x85, 0x20,
        0x65, 0x56, 0x61, 0x85, 0x55, 0x45, 0x69, 0x89, 0x10, 0xA1, 0x66, 0x52, 0x68, 0x50, 0xA6, 0x65,
        0x65, 0x42, 0x55, 0x14, 0x5A, 0x99, 0x6A, 0x51, 0x50, 0x28, 0x54, 0x99, 0x96, 0x2A, 0x65, 0x41,
        0x16, 0x19, 0x91, 0x88, 0x51, 0x26, 0x62, 0x82, 0x54, 0x25, 0x45, 0x62, 0x61, 0xAA, 0x45, 0x5A,
        0xA9, 0x15, 0x55, 0x56, 0x95, 0x66, 0x81, 0x46, 0x54, 0x9A, 0x69, 0x25, 0x09, 0x42, 0x19, 0x51,
        0x55, 0x1A, 0x5A, 0x49, 0x05, 0x95, 0x04, 0xA5, 0x64, 0x99, 0xA4, 0xA6, 0x94, 0x96, 0x58, 0x65,
        0x85, 0x15, 0x55, 0x54, 0x65, 0x49, 0x46, 0x56, 0x55, 0x56, 0x54, 0x46, 0x59, 0x94, 0x42, 0x26,
        0x96, 0x6A, 0x94, 0x24, 0x55, 0x56, 0x29, 0x45, 0x61, 0x14, 0x55, 0x92, 0x16, 0x15, 0x88, 0x01,
        0x59, 0x49, 0x94, 0x98, 0xA8, 0x19, 0x56, 0x54, 0x52, 0x5A, 0x25, 0x59, 0x5A, 0x92, 0x55, 0x12,
        0x66, 0x94, 0x29, 0x84, 0x5A, 0x96, 0x11, 0x26, 0xA5, 0x91, 0x66, 0x0A, 0x56, 0xA9, 0x55, 0x98,
        0xA5, 0x16, 0x52, 0x84, 0x55, 0x09, 0x4A, 0x95, 0x64, 0x65, 0x95, 0x61, 0x55, 0x50, 0x4A, 0x65,
        0x95, 0x54, 0x15, 0x52, 0x22, 0x18, 0x15, 0x56, 0xAA, 0x56, 0x59, 0x94, 0x54, 0x91, 0x95, 0x18,
        0x54, 0x00, 0x51, 0x59, 0x61, 0x55, 0x51, 0x84, 0x99, 0x85, 0x5A, 0x08, 0x60, 0x55, 0x66, 0x99,
        0x15, 0x54, 0x55, 0x50, 0x95, 0x54, 0x68, 0x95, 0x25, 0x56, 0xA4, 0x68, 0xA0, 0x42, 0x9A, 0x09,
        0x89, 0x86, 0x09, 0x94, 0x45, 0x54, 0x81, 0x14, 0x90, 0x54, 0xA8, 0x6A, 0x28, 0xA2, 0xAA, 0xA5,
        0x4A, 0x89, 0x46, 0x5A, 0x14, 0x8A, 0x59, 0x85, 0x91, 0x99, 0x91, 0xA6, 0x82, 0x6A, 0x12, 0x52,
        0x29, 0x14, 0x98, 0x19, 0x68, 0xA0, 0x51, 0x59, 0x60, 0x66, 0x65, 0x96, 0x16, 0x99, 0x56, 0x46,
        0x89, 0x66, 0x59, 0xA0, 0x85, 0x66, 0x24, 0x05, 0x99, 0x56, 0x52, 0xA1, 0x85, 0xA8, 0x62, 0x99,
        0x15, 0x55, 0x95, 0x19, 0x22, 0xA9, 0x11, 0x05, 0x5A, 0x45, 0x4A, 0x59, 0x15, 0x19, 0x49, 0x54,
        0x59, 0x55, 0x55, 0x61, 0xAA, 0x56, 0x5A, 0x80, 0x55, 0x68, 0x54, 0xA9, 0x96, 0x52, 0x49, 0x49,
        0xA5, 0x56, 0x59, 0x95, 0x94, 0x64, 0x99, 0x61, 0x91, 0xA6, 0x85, 0x66, 0x55, 0x94, 0x69, 0x59,
        0x48, 0xA1, 0x65, 0x25, 0x69, 0x25, 0x59, 0x55, 0x65, 0x64, 0x86, 0x51, 0x65, 0x65, 0x42, 0x46,
        0xA4, 0x14, 0x59, 0x52, 0x69, 0x65, 0x68, 0x99, 0x99, 0x66, 0x55, 0x99, 0x55, 0x16, 0x65, 0x45,
        0x59, 0x56, 0x95, 0x94, 0x99, 0x19, 0x26, 0x85, 0x65, 0x95, 0x46, 0x69, 0x54, 0x91, 0x51, 0x42,
        0x6A, 0x82, 0x91, 0xA1, 0x89, 0x41, 0x46, 0xAA, 0x50, 0x94, 0x56, 0x1A, 0x99, 0x49, 0x66, 0x81,
        0xA0, 0x64, 0x56, 0x52, 0x56, 0x66, 0x8A, 0xA5, 0x55, 0xA8, 0x89, 0x56, 0x59, 0x56, 0x95, 0x4A,
        0x95, 0x68, 0x80, 0x41, 0x20, 0x99, 0x49, 0x55, 0x6A, 0x24, 0xA5, 0x59, 0x22, 0x4A, 0x44, 0x46,
        0x56, 0x95, 0x49, 0x51, 0xA5, 0x68, 0x99, 0x60, 0x61, 0x61, 0x21, 0x85, 0x54, 0x81, 0x06, 0x96,
        0x54, 0x52, 0x09, 0x09, 0x65, 0x96, 0x1A, 0x05, 0x89, 0x16, 0x25, 0x5A, 0x40, 0x58, 0x15, 0x06,
        0x66, 0x5A, 0x59, 0x48, 0x95, 0xAA, 0x15, 0x15, 0x99, 0x91, 0x99, 0x66, 0x48, 0x4A, 0x28, 0x15,
        0x49, 0x52, 0x65, 0x42, 0x61, 0x59, 0x61, 0x86, 0x12, 0x60, 0x16, 0x41, 0x65, 0x44, 0x90, 0xAA,
        0x85, 0x54, 0x65, 0x85, 0x55, 0x58, 0x01, 0x54, 0x59, 0x69, 0x45, 0x22, 0x55, 0x11, 0x65, 0xAA,
        0x5A, 0x59, 0x25, 0x86, 0x18, 0x96, 0x66, 0x58, 0xA5, 0x98, 0x48, 0x69, 0xA6, 0xA1, 0x68, 0x55,
        0x94, 0x49, 0xA5, 0xA8, 0x24, 0x1A, 0x56, 0x51, 0x95, 0x98, 0x99, 0x59, 0xA1, 0x41, 0x69, 0x45,
        0x55, 0x59, 0x55, 0x51, 0xA6, 0x15, 0x89, 0x9A, 0x90, 0x51, 0x52, 0x25, 0x25, 0x06, 0x59, 0x52,
        0x95, 0x6A, 0x91, 0x61, 0x64, 0x2A, 0x59, 0xA4, 0x46, 0xA6, 0x1A, 0x84, 0x54, 0x92, 0x96, 0x15,
        0x05, 0x99, 0x25, 0x66, 0x96, 0x88, 0x41, 0x59, 0x89, 0x12, 0x4A, 0x16, 0x46, 0x25, 0x95, 0x51,
        0x96, 0x55, 0x61, 0x95, 0x16, 0x99, 0xA2, 0x12, 0x9A, 0x56, 0x28, 0x16, 0x95, 0x59, 0x86, 0x66,
        0x49, 0xA2, 0x51, 0x86, 0x19, 0x54, 0x14, 0x64, 0x96, 0x19, 0x96, 0x56, 0x15, 0x05, 0x45, 0x9A,
        0x69, 0x52, 0x51, 0x56, 0x15, 0x09, 0x29, 0x69, 0x64, 0x15, 0x65, 0x58, 0xA8, 0x96, 0x50, 0x56,
        0x64, 0x90, 0x68, 0x59, 0x02, 0xA5, 0xA4, 0x96, 0x4A, 0x92, 0x65, 0x51, 0x45, 0x9A, 0x56, 0x69,
        0x55, 0x55, 0x44, 0x95, 0x59, 0x16, 0xA0, 0x42, 0x55, 0x92, 0x08, 0x18, 0x59, 0x65, 0x65, 0x86,
        0x62, 0x5A, 0x55, 0x86, 0x55, 0x60, 0x86, 0x54, 0x49, 0x5A, 0x55, 0xA5, 0xA9, 0x59, 0x51, 0x24,
        0x55, 0x59, 0x46, 0x54, 0x51, 0x86, 0x85, 0x95, 0x5A, 0x46, 0x55, 0x41, 0x45, 0x59, 0x41, 0x55,
        0x26, 0x5A, 0x96, 0x45, 0x51, 0x04, 0x91, 0x65, 0x58, 0x6A, 0x1A, 0x91, 0xA9, 0x59, 0x59, 0x51,
        0x56, 0xA2, 0x69, 0x15, 0x58, 0x21, 0x15, 0x69, 0x69, 0x49, 0x96, 0x94, 0x5A, 0xA4, 0x46, 0x91,
        0xA6, 0x65, 0x55, 0x56, 0x48, 0x11, 0x26, 0x44, 0x25, 0x59, 0x96, 0x58, 0x61, 0x29, 0x89, 0x65,
        0x95, 0x06, 0x59, 0x96, 0x14, 0x99, 0x55, 0x0A, 0x99, 0x50, 0x55, 0x58, 0x15, 0x04, 0x49, 0x9A,
        0x64, 0x44, 0x69, 0x14, 0x55, 0x15, 0x65, 0x12, 0x96, 0x52, 0x91, 0x4A, 0x44, 0x45, 0x16, 0xA4,
        0x55, 0x82, 0x15, 0xA6, 0x26, 0x25, 0x45, 0x95, 0x66, 0x59, 0x99, 0x11, 0x99, 0x1A, 0x54, 0x44,
        0x46, 0x96, 0x90, 0x60, 0x51, 0x65, 0x59, 0x99, 0x59, 0x49, 0x15, 0x44, 0x18, 0xA6, 0xA8, 0x54,
        0x42, 0x19, 0x58, 0x95, 0x15, 0xAA, 0xA8, 0x45, 0x45, 0x25, 0x99, 0x96, 0x15, 0x95, 0x19, 0x54,
        0x25, 0x95, 0x59, 0x01, 0x65, 0x56, 0x24, 0x59, 0x25, 0x92, 0x55, 0x46, 0x44, 0x96, 0x95, 0x16,
        0x99, 0x69, 0x69, 0xA5, 0x66, 0xA4, 0x86, 0xAA, 0x55, 0x16, 0x20, 0x15, 0x91, 0x45, 0xA0, 0x22,
        0x56, 0xA5, 0x69, 0xA6, 0x14, 0x12, 0x65, 0xA8, 0x44, 0x54, 0x55, 0x19, 0x52, 0x28, 0x98, 0x55,
        0x58, 0x08, 0x69, 0x26, 0x15, 0x59, 0x4A, 0x26, 0x81, 0x65, 0x26, 0x55, 0x94, 0x50, 0x25, 0x65,
        0x49, 0x6A, 0x9A, 0x12, 0x15, 0x21, 0x50, 0x44, 0x55, 0x60, 0x62, 0x91, 0xA4, 0x19, 0x55, 0x51,
        0x95, 0x55, 0x81, 0x69, 0x56, 0xA6, 0x24, 0x94, 0xA5, 0x91, 0x16, 0xA5, 0x14, 0x15, 0x66, 0x46,
        0x5A, 0x55, 0x65, 0x19, 0x96, 0xA5, 0x96, 0x84, 0x66, 0x55, 0x68, 0x59, 0x59, 0x56, 0x19, 0x96,
        0x5A, 0x68, 0x52, 0x59, 0x6A, 0x6A, 0x50, 0x54, 0x29, 0x00, 0x84, 0x52, 0x45, 0x94, 0x59, 0x99,
        0xA6, 0x29, 0x56, 0x44, 0xA5, 0x55, 0x66, 0x52, 0x55, 0x51, 0x69, 0x45, 0x61, 0x95, 0x85, 0x96,
        0x24, 0x5A, 0x69, 0x26, 0x98, 0x41, 0x59, 0x55, 0xA5, 0x9A, 0x29, 0x22, 0x55, 0x26, 0x61, 0x51,
        0x46, 0x94, 0x41, 0x9A, 0x9A, 0x65, 0x16, 0x14, 0x09, 0x68, 0x51, 0x59, 0x95, 0x68, 0x99, 0x95,
        0x55, 0x54, 0x96, 0xA9, 0x24, 0x5A, 0x88, 0x68, 0x66, 0x55, 0x25, 0x5A, 0x62, 0x64, 0x82, 0x55,
        0x48, 0x55, 0x84, 0xAA, 0x04, 0x52, 0x56, 0x65, 0x6A, 0x65, 0xA5, 0x96, 0x16, 0x66, 0x98, 0x65,
        0x49, 0x52, 0x00, 0xA1, 0x69, 0x94, 0xA6, 0x55, 0x6A, 0x65, 0x44, 0x56, 0x05, 0x69, 0x56, 0xAA,
        0x55, 0x16, 0x01, 0x81, 0x65, 0x25, 0x95, 0x99, 0x15, 0x11, 0x42, 0x51, 0xA0, 0xA9, 0x9A, 0x94,
        0x41, 0x14, 0xA6, 0x51, 0x65, 0x56, 0x86, 0x19, 0x5A, 0x5A, 0xA6, 0x89, 0xA5, 0xA6, 0x1A, 0x98,
        0x55, 0x6A, 0x96, 0x59, 0x82, 0x42, 0x55, 0xA2, 0x95, 0x51, 0x62, 0x95, 0x16, 0x8A, 0x59, 0x59,
        0x55, 0x25, 0x51, 0x51, 0x56, 0xAA, 0x51, 0x99, 0x46, 0x55, 0x54, 0x59, 0x55, 0x59, 0x16, 0x82,
        0x44, 0x42, 0x45, 0x1A, 0x51, 0x11, 0x50, 0x64, 0x65, 0x56, 0x65, 0x94, 0x14, 0xA5, 0x95, 0x65,
        0x29, 0x45, 0x58, 0x55, 0x64, 0x6A, 0x56, 0x56, 0x65, 0x68, 0x2A, 0x6A, 0x61, 0x65, 0x85, 0x5A,
        0xA4, 0x6A, 0x19, 0x59, 0xA1, 0xA4, 0xAA, 0x55, 0x61, 0xA9, 0x25, 0x66, 0x52, 0x1A, 0x2A, 0x58,
        0x42, 0x54, 0x95, 0x92, 0x6A, 0x15, 0x95, 0x66, 0x89, 0xA9, 0xAA, 0x19, 0x56, 0x52, 0x52, 0x99,
        0x96, 0x56, 0x66, 0x95, 0x59, 0x64, 0x15, 0x19, 0x99, 0x46, 0x99, 0xA5, 0x54, 0x46, 0x66, 0x89,
        0x90, 0x82, 0x5A, 0x09, 0x45, 0x88, 0x65, 0x56, 0x45, 0x69, 0x46, 0x16, 0x94, 0x50, 0x18, 0x82,
        0x26, 0x55, 0x09, 0x06, 0x8A, 0x56, 0x5A, 0xA9, 0x46, 0x16, 0x59, 0x45, 0x18, 0x59, 0x15, 0x56,
        0x59, 0x58, 0x56, 0x96, 0x95, 0x5A, 0x84, 0x4A, 0x68, 0x68, 0x16, 0x94, 0x59, 0xA9, 0x94, 0x24,
        0x51, 0x55, 0x56, 0x95, 0x99, 0x59, 0xA5, 0x10, 0x58, 0x28, 0x68, 0x56, 0x06, 0xAA, 0x60, 0x25,
        0x50, 0x48, 0x66, 0x68, 0x55, 0x59, 0x5A, 0x5A, 0x15, 0x18, 0x19, 0x42, 0x11, 0x84, 0x61, 0x4A,
        0x99, 0x96, 0x95, 0x44, 0x96, 0xA8, 0x14, 0x58, 0x15, 0x15, 0x54, 0x89, 0x56, 0x94, 0x82, 0x56,
        0x5A, 0x44, 0x91, 0x64, 0x50, 0xA0, 0xA9, 0x68, 0x4A, 0x65, 0x5A, 0x5A, 0x65, 0x55, 0x54, 0x80,
        0x51, 0x96, 0x99, 0x22, 0x8A, 0xA4, 0x86, 0x56, 0x01, 0x9A, 0x69, 0x86, 0x9A, 0x51, 0x64, 0x02,
        0x45, 0x4A, 0x92, 0x55, 0x54, 0x61, 0x09, 0x65, 0x51, 0x55, 0x55, 0x46, 0x11, 0x4A, 0x65, 0x45,
        0x14, 0x58, 0x10, 0x69, 0x55, 0x59, 0x42, 0x59, 0x95, 0x09, 0x60, 0xA1, 0x49, 0x5A, 0x94, 0x89,
        0x9A, 0x86, 0x51, 0x55, 0x15, 0x69, 0x69, 0xA5, 0x64, 0x69, 0x56, 0x06, 0x4A, 0x19, 0x22, 0x4A,
        0x04, 0x44, 0x64, 0x44, 0x25, 0x26, 0x12, 0x84, 0x98, 0x29, 0x49, 0x0A, 0xA4, 0x1A, 0x98, 0x5A,
        0x29, 0x50, 0x96, 0x45, 0x14, 0x6A, 0x99, 0xA2, 0x9A, 0x49, 0x25, 0x86, 0x59, 0x5A, 0x51, 0x52,
        0x99, 0x85, 0x59, 0x81, 0x54, 0x49, 0x95, 0x6A, 0x55, 0x02, 0x22, 0x62, 0x15, 0x44, 0x56, 0x69,
        0x92, 0x8A, 0x55, 0x21, 0x58, 0x19, 0x65, 0x95, 0x65, 0x95, 0x0A, 0x64, 0x58, 0x5A, 0x5A, 0x52,
        0x45, 0x25, 0x96, 0x95, 0x25, 0x54, 0x59, 0x54, 0x69, 0x56, 0x6A, 0x24, 0x64, 0x88, 0x91, 0x09,
        0x69, 0x12, 0x66, 0x61, 0x95, 0x59, 0x19, 0x64, 0x51, 0x22, 0x95, 0x54, 0x46, 0x85, 0x65, 0xA8,
        0x25, 0x55, 0x66, 0x55, 0xA4, 0x68, 0x05, 0x15, 0x69, 0x59, 0xA8, 0x55, 0x55, 0x91, 0x15, 0x41,
        0x55, 0x96, 0x56, 0x99, 0x11, 0x16, 0x62, 0x60, 0x52, 0x55, 0x6A, 0xA5, 0x59, 0x54, 0x88, 0x50,
        0x26, 0x91, 0x15, 0x48, 0x54, 0x42, 0xA9, 0x15, 0x99, 0x8A, 0x66, 0x5A, 0x69, 0xA6, 0x59, 0x60,
        0x94, 0x19, 0x92, 0x46, 0x81, 0x54, 0x96, 0xAA, 0x82, 0x6A, 0x54, 0xA9, 0x96, 0x56, 0x08, 0x4A,
        0x51, 0x55, 0x6A, 0x59, 0x51, 0x85, 0x16, 0x56, 0x16, 0x95, 0x54, 0x89, 0xAA, 0x95, 0x54, 0x55,
        0x64, 0x95, 0x45, 0x51, 0x8A, 0x50, 0x50, 0x15, 0x89, 0x04, 0x59, 0x44, 0x05, 0x1A, 0x05, 0x19,
        0x5A, 0x95, 0x54, 0xA2, 0x56, 0x61, 0xA5, 0x64, 0x8A, 0x99, 0x96, 0x91, 0x55, 0x86, 0x65, 0x95,
        0x66, 0x18, 0x15, 0xA5, 0x45, 0x56, 0x49, 0x66, 0x56, 0x56, 0x44, 0x49, 0x98, 0x50, 0x09, 0x58,
        0x62, 0x5A, 0x21, 0x59, 0x51, 0x9A, 0x92, 0x0A, 0x59, 0x90, 0x60, 0x40, 0x0A, 0x26, 0xA9, 0x29,
        0x55, 0x65, 0x9A, 0x15, 0x52, 0x65, 0x99, 0x96, 0xAA, 0x05, 0xA9, 0x59, 0x16, 0x50, 0x56, 0x59,
        0x61, 0x55, 0x44, 0x55, 0xA9, 0x95, 0x48, 0x49, 0x11, 0xAA, 0x58, 0x69, 0x66, 0x49, 0x59, 0x56,
        0x55, 0x58, 0x96, 0x16, 0x59, 0x19, 0x46, 0x59, 0x19, 0x91, 0x21, 0x95, 0x64, 0x51, 0x46, 0x48,
        0xAA, 0x65, 0x61, 0x91, 0x04, 0x66, 0x99, 0x44, 0x54, 0x49, 0x55, 0x65, 0x61, 0x56, 0x54, 0x2A,
        0x69, 0x86, 0x95, 0x58, 0x81, 0x25, 0x56, 0x51, 0xA0, 0x16, 0x65, 0x24, 0x51, 0x52, 0x6A, 0x56,
        0x52, 0x65, 0x91, 0x65, 0xA9, 0x41, 0x12, 0x5A, 0x16, 0x45, 0x91, 0x69, 0x96, 0x25, 0x44, 0x9A,
        0x51, 0x56, 0x95, 0xA0, 0x6A, 0x20, 0x98, 0x46, 0x44, 0x11, 0x95, 0x45, 0x42, 0x56, 0xA9, 0x15,
        0xA1, 0x18, 0x66, 0x9A, 0x48, 0x89, 0x16, 0x98, 0x56, 0x5A, 0x56, 0x11, 0x59, 0x95, 0x90, 0x29,
        0x95, 0x56, 0x59, 0x95, 0x49, 0x50, 0x55, 0x25, 0x09, 0x40, 0x8A, 0x4A, 0x15, 0x15, 0x86, 0x41,
        0x68, 0x95, 0xA5, 0x91, 0x59, 0x40, 0x96, 0x55, 0x51, 0x52, 0x51, 0xA4, 0x58, 0xA5, 0x11, 0x59,
        0x56, 0x59, 0x45, 0xA5, 0x55, 0x52, 0x54, 0x56, 0x56, 0x99, 0x46, 0x98, 0x52, 0x19, 0x50, 0x85,
        0x95, 0x14, 0x95, 0x49, 0x55, 0x94, 0x65, 0x95, 0x25, 0x96, 0x65, 0x15, 0x16, 0x66, 0xA1, 0x86,
        0x41, 0x49, 0x59, 0x11, 0x08, 0x56, 0x50, 0x59, 0x58, 0x66, 0x48, 0x54, 0x5A, 0x99, 0x61, 0x24,
        0x96, 0x54, 0x84, 0x58, 0x84, 0x55, 0x56, 0x09, 0x48, 0x6A, 0x99, 0x59, 0x15, 0x59, 0x42, 0x60,
        0x62, 0x19, 0x99, 0x11, 0x11, 0x54, 0x16, 0x51, 0xA1, 0x44, 0x25, 0x99, 0xA9, 0x54, 0x55, 0xA1,
        0x59, 0x95, 0x59, 0x69, 0xA2, 0x01, 0xAA, 0x58, 0x01, 0x56, 0x45, 0x55, 0x09, 0x98, 0x5A, 0x60,
        0xA4, 0xA9, 0x59, 0x84, 0x94, 0x15, 0x22, 0x55, 0x62, 0x66, 0x15, 0x56, 0xA5, 0x01, 0x96, 0x15,
        0x19, 0x55, 0xA1, 0xA6, 0x55, 0x91, 0x56, 0x52, 0x92, 0x45, 0x88, 0x62, 0x45, 0x55, 0x69, 0x58,
        0x46, 0x04, 0x95, 0x65, 0x9A, 0x99, 0xA9, 0x99, 0x11, 0x49, 0x14, 0x58, 0x86, 0x55, 0x06, 0x94,
        0x18, 0x9A, 0x22, 0x18, 0x51, 0x91, 0x88, 0x56, 0x64, 0x05, 0x66, 0x11, 0x50, 0x55, 0xA4, 0x52,
        0x16, 0x99, 0x45, 0xA6, 0x05, 0xA9, 0x49, 0x08, 0x95, 0x1A, 0x84, 0xA5, 0x99, 0xA9, 0x05, 0x89,
        0x62, 0x55, 0x49, 0x06, 0x98, 0x4A, 0x25, 0x60, 0x08, 0x19, 0x94, 0x11, 0x66, 0x46, 0x64, 0xA2,
        0x85, 0x19, 0x56, 0x45, 0x94, 0x15, 0x21, 0x5A, 0x1A, 0x0A, 0x56, 0x94, 0x15, 0x5A, 0x5A, 0x99,
        0x48, 0x1A, 0x10, 0x56, 0x26, 0xA9, 0xA1, 0x45, 0x55, 0x56, 0xA5, 0xA6, 0x29, 0x56, 0x85, 0xA0,
        0x56, 0x51, 0x45, 0x6A, 0x19, 0x9A, 0x2A, 0x19, 0x12, 0x26, 0x45, 0x95, 0x95, 0x66, 0x55, 0x62,
        0x84, 0x9A, 0x25, 0x55, 0xA6, 0xA6, 0x5A, 0x6A, 0x05, 0x41, 0x16, 0x91, 0x92, 0x11, 0x26, 0x11,
        0x59, 0x99, 0x55, 0x05, 0x99, 0x68, 0xA5, 0x46, 0x98, 0x4A, 0x6A, 0xA6, 0x14, 0x66, 0x1A, 0x25,
        0x59, 0x95, 0x64, 0x49, 0xA8, 0x55, 0x15, 0x24, 0x94, 0xA4, 0x55, 0x51, 0x25, 0x82, 0x92, 0x25,
        0x80, 0x56, 0x58, 0x69, 0x86, 0x91, 0x69, 0x16, 0x52, 0x1A, 0x56, 0x68, 0x46, 0x49, 0x59, 0x92,
        0x56, 0x96, 0x08, 0x96, 0x59, 0xA9, 0x15, 0x99, 0xA1, 0x64, 0x69, 0x55, 0x94, 0x55, 0x65, 0x55,
        0x68, 0x48, 0x6A, 0x58, 0xA1, 0x61, 0xA5, 0x26, 0xA6, 0xA0, 0x95, 0x20, 0x41, 0x4A, 0x49, 0x66,
        0x4A, 0x59, 0x49, 0x56, 0xAA, 0x94, 0x56, 0x19, 0x81, 0x61, 0x66, 0x82, 0x61, 0x91, 0xA2, 0x66,
        0x51, 0xA5, 0x61, 0x95, 0x91, 0x06, 0x65, 0x55, 0x54, 0x65, 0x95, 0x95, 0x95, 0x95, 0xA6, 0x22,
        0x42, 0x84, 0x09, 0x81, 0x96, 0x15, 0x6A, 0x15, 0x86, 0x95, 0x25, 0xA5, 0xA5, 0x55, 0x62, 0x4A,
        0x96, 0x56, 0x95, 0x55, 0x55, 0x95, 0xAA, 0x50, 0x98, 0x4A, 0x16, 0xA9, 0x85, 0x56, 0x16, 0x6A,
        0x15, 0x61, 0x25, 0x55, 0x01, 0x21, 0x56, 0x6A, 0xA0, 0x92, 0x89, 0x92, 0xA1, 0x54, 0x49, 0x06,
        0xA5, 0x51, 0x85, 0x55, 0xA0, 0x45, 0x95, 0x58, 0x42, 0x86, 0x99, 0x59, 0x19, 0x2A, 0x49, 0x15,
        0x95, 0x55, 0xA5, 0x65, 0x85, 0x99, 0x1A, 0x88, 0x85, 0xA5, 0x56, 0x94, 0x99, 0x15, 0x6A, 0x59,
        0x66, 0x95, 0x6A, 0x61, 0x29, 0x61, 0x50, 0x95, 0x94, 0x99, 0x85, 0x11, 0x98, 0x25, 0xA5, 0x19,
        0x45, 0x46, 0x49, 0x89, 0x81, 0x96, 0x51, 0x41, 0x65, 0x95, 0x55, 0x91, 0x48, 0x68, 0xA5, 0xA1,
        0x12, 0x91, 0x52, 0x54, 0x58, 0x91, 0x59, 0x51, 0xA9, 0x96, 0x55, 0x61, 0x15, 0x40, 0x65, 0x85,
        0x59, 0x49, 0x54, 0x52, 0x4A, 0x26, 0xA0, 0x55, 0xA5, 0x98, 0x99, 0x98, 0x55, 0x65, 0x51, 0x54,
        0x55, 0x44, 0x28, 0x69, 0x52, 0x15, 0x4A, 0x45, 0x59, 0x95, 0x42, 0x56, 0x95, 0x95, 0x59, 0x8A,
        0x95, 0x69, 0x95, 0x69, 0x55, 0x19, 0x64, 0x96, 0x81, 0x09, 0x56, 0x96, 0x59, 0xAA, 0xA9, 0x15,
        0x09, 0x45, 0x45, 0x55, 0x58, 0x45, 0x4A, 0x10, 0x96, 0x55, 0x50, 0x12, 0x65, 0x65, 0x95, 0x98,
        0x46, 0xA6, 0x58, 0x55, 0x66, 0x01, 0x80, 0x65, 0x25, 0x40, 0xA6, 0x68, 0xA0, 0x45, 0x06, 0x62,
        0xA1, 0x09, 0x15, 0x69, 0x69, 0x25, 0x58, 0x55, 0x19, 0x55, 0x65, 0x25, 0x66, 0x85, 0x56, 0x15,
        0x65, 0x95, 0x19, 0x60, 0x56, 0x98, 0xA6, 0x69, 0x59, 0x20, 0x59, 0x45, 0xA1, 0x54, 0x54, 0x66,
        0x5A, 0x98, 0xA5, 0xA5, 0x85, 0x1A, 0x68, 0x90, 0x18, 0x4A, 0x1A, 0x5A, 0x45, 0x65, 0x65, 0x94,
        0x16, 0x56, 0x6A, 0x9A, 0x49, 0x51, 0x61, 0x95, 0x58, 0x94, 0x54, 0x45, 0x55, 0x96, 0x9A, 0x44,
        0x50, 0x66, 0x5A, 0x1A, 0xA8, 0x58, 0x94, 0x05, 0x55, 0x55, 0x06, 0x52, 0x65, 0x14, 0x16, 0xA6,
        0x16, 0x61, 0x21, 0x68, 0x04, 0x58, 0x65, 0xA5, 0x04, 0x26, 0x59, 0x16, 0x55, 0x91, 0x45, 0xAA,
        0x61, 0x54, 0x91, 0x62, 0x68, 0x86, 0x59, 0x16, 0x46, 0x88, 0x56, 0x48, 0x12, 0x86, 0xA5, 0x55,
        0x90, 0xA9, 0x51, 0x55, 0x85, 0x65, 0x56, 0x66, 0x45, 0x22, 0x86, 0x66, 0x15, 0x26, 0x99, 0x1A,
        0x66, 0x05, 0x99, 0x59, 0x65, 0x46, 0x89, 0x25, 0x85, 0x66, 0x96, 0xA5, 0x4A, 0x26, 0x64, 0x14,
        0x49, 0x85, 0x54, 0x55, 0x59, 0x6A, 0x04, 0x91, 0x64, 0x98, 0x26, 0xA5, 0x92, 0x59, 0x55, 0x55,
        0x88, 0x91, 0x95, 0xA5, 0x94, 0x1A, 0x59, 0x99, 0x59, 0x95, 0x65, 0xA0, 0x16, 0x15, 0x45, 0x16,
        0x8A, 0x05, 0x59, 0x4A, 0x65, 0x4A, 0x51, 0x4A, 0xA1, 0x58, 0xA5, 0xA2, 0x50, 0x68, 0x95, 0x14,
        0x5A, 0x18, 0x58, 0x5A, 0x95, 0x42, 0x50, 0x9A, 0x46, 0x52, 0x26, 0xA0, 0x54, 0x5A, 0x55, 0x65,
        0x64, 0x51, 0x94, 0x59, 0x61, 0x58, 0x69, 0x95, 0x59, 0x96, 0x24, 0x61, 0x49, 0x58, 0x12, 0x2A,
        0x65, 0x51, 0x04, 0x69, 0x96, 0x25, 0x45, 0x64, 0x95, 0x56, 0x15, 0x61, 0x68, 0x60, 0x98, 0xA1,
        0x95, 0x65, 0x50, 0x61, 0x81, 0x95, 0x56, 0x6A, 0x52, 0x45, 0x56, 0x5A, 0x52, 0x55, 0x96, 0x59,
        0x55, 0x61, 0x2A, 0x51, 0xA1, 0x55, 0x5A, 0xA5, 0x6A, 0x48, 0x14, 0x9A, 0x99, 0x51, 0x66, 0x45,
        0x89, 0x11, 0x55, 0x55, 0xA4, 0x55, 0x95, 0x26, 0x59, 0x60, 0x65, 0x59, 0x15, 0x9A, 0x65, 0x61,
        0x99, 0x1A, 0x62, 0x15, 0x46, 0x58, 0x54, 0xA5, 0x90, 0x46, 0x05, 0x91, 0x41, 0x49, 0x55, 0x56,
        0x91, 0x4A, 0x59, 0x55, 0xAA, 0x92, 0x28, 0x54, 0x98, 0x51, 0x65, 0x12, 0x56, 0x10, 0xA5, 0x99,
        0x55, 0x49, 0x9A, 0x65, 0x45, 0x55, 0x86, 0x46, 0x44, 0x14, 0x55, 0x52, 0x99, 0x56, 0x0A, 0x5A,
        0x95, 0x05, 0xA9, 0x55, 0x54, 0x09, 0x14, 0x59, 0x15, 0x55, 0x59, 0x1A, 0x64, 0x56, 0x85, 0x55,
        0x95, 0x51, 0x99, 0x69, 0x06, 0x04, 0x95, 0x15, 0x96, 0x59, 0x1A, 0x59, 0x59, 0x69, 0x51, 0x46,
        0x16, 0x5A, 0x49, 0x5A, 0x50, 0x86, 0x55, 0xA6, 0x65, 0x4A, 0x80, 0x5A, 0x54, 0x26, 0x94, 0x61,
        0x55, 0x52, 0x69, 0x62, 0x56, 0x5A, 0x99, 0x8A, 0x80, 0x45, 0x21, 0x99, 0x5A, 0x8A, 0xA6, 0x11,
        0x29, 0x69, 0x42, 0xA6, 0x16, 0xA1, 0x42, 0xA6, 0x05, 0x49, 0x26, 0x55, 0x44, 0x99, 0x62, 0x61,
        0x95, 0xA9, 0x89, 0x55, 0x19, 0x44, 0x48, 0xA9, 0x9A, 0x56, 0x66, 0xA1, 0x45, 0xA6, 0x25, 0x96,
        0x84, 0x24, 0x12, 0x54, 0x42, 0x95, 0x64, 0x55, 0x66, 0x26, 0x41, 0x8A, 0x56, 0x20, 0x14, 0x91,
        0xA6, 0x14, 0x56, 0x65, 0x59, 0x99, 0x56, 0xA1, 0x69, 0x26, 0x6A, 0x9A, 0x6A, 0x42, 0x11, 0x96,
        0x98, 0x99, 0x12, 0xA5, 0x15, 0xAA, 0x15, 0x55, 0x62, 0x54, 0x99, 0x50, 0x66, 0xA5, 0x65, 0x84,
        0xA9, 0x55, 0x20, 0x55, 0x88, 0x62, 0x6A, 0x2A, 0x65, 0xA1, 0x22, 0x60, 0x25, 0x45, 0x14, 0x96,
        0x65, 0x28, 0x66, 0x95, 0x12, 0x54, 0x96, 0x60, 0x55, 0x15, 0x55, 0x92, 0x55, 0x90, 0x46, 0x95,
        0xA0, 0x51, 0x95, 0x65, 0x94, 0x6A, 0xA9, 0xA0, 0x46, 0x4A, 0x15, 0x92, 0x99, 0x60, 0x65, 0x45,
        0x65, 0xA5, 0x50, 0xA5, 0x8A, 0x85, 0xA4, 0xA9, 0x4A, 0x11, 0x84, 0x56, 0x49, 0x84, 0xA5, 0x46,
        0x65, 0x80, 0x85, 0x56, 0x95, 0x55, 0x55, 0x98, 0x50, 0x46, 0x65, 0x55, 0x11, 0x56, 0x66, 0x4A,
        0x15, 0x25, 0xA2, 0x95, 0x66, 0x00, 0x49, 0xA4, 0x61, 0x99, 0xA5, 0x55, 0x46, 0x61, 0x91, 0xA5,
        0x98, 0xAA, 0x51, 0x25, 0x52, 0x55, 0x51, 0x95, 0xA4, 0x56, 0x51, 0x6A, 0x69, 0x59, 0xAA, 0x64,
        0x46, 0x1A, 0x41, 0x09, 0xAA, 0x81, 0x0A, 0x29, 0x96, 0x95, 0x54, 0x48, 0x64, 0xA4, 0x56, 0x28,
        0x14, 0x95, 0x55, 0x95, 0x98, 0x95, 0xA0, 0x52, 0x65, 0x85, 0xA5, 0x56, 0x68, 0x5A, 0x10, 0x59,
        0x55, 0x01, 0x60, 0x92, 0x9A, 0x15, 0x05, 0x52, 0x56, 0x66, 0x2A, 0x68, 0x9A, 0x51, 0x80, 0x50,
        0x96, 0x40, 0x55, 0x44, 0x15, 0x82, 0x59, 0x56, 0x98, 0x40, 0x55, 0x42, 0x54, 0x45, 0x5A, 0x98,
        0x81, 0x12, 0x45, 0x15, 0x46, 0x54, 0x45, 0x84, 0x18, 0x29, 0x16, 0xAA, 0x99, 0x69, 0x59, 0x29,
        0x45, 0x14, 0x25, 0x91, 0x55, 0x96, 0x66, 0x59, 0x65, 0x51, 0x10, 0x55, 0xAA, 0x94, 0x89, 0x99,
        0x05, 0xA4, 0x5A, 0x89, 0x55, 0x91, 0xA5, 0x54, 0x99, 0x61, 0x19, 0x15, 0x05, 0x52, 0x24, 0x15,
    },
};
